t_start_s,order0_dBFS,order1_dBFS
0.0,-74.363,-62.679
1.0,-73.709,-64.360
2.0,-74.222,-65.807
3.0,-60.540,-60.912
4.0,-40.417,-45.514
5.0,-39.888,-42.931
6.0,-36.664,-40.604
7.0,-31.201,-35.311
8.0,-33.407,-38.058
9.0,-36.244,-39.672
10.0,-38.406,-41.034
11.0,-35.306,-40.355
12.0,-36.605,-40.036
13.0,-38.680,-41.798
14.0,-37.553,-41.870
15.0,-32.814,-37.506
16.0,-33.631,-37.863
17.0,-32.117,-34.815
18.0,-28.817,-32.552
19.0,-34.258,-36.302
20.0,-29.975,-33.653
21.0,-33.968,-38.882
22.0,-33.350,-36.811
23.0,-33.348,-37.630
24.0,-34.097,-37.751
25.0,-33.137,-36.721
26.0,-29.356,-32.325
27.0,-28.670,-32.608
28.0,-28.197,-31.770
29.0,-30.685,-33.109
30.0,-28.678,-31.976
31.0,-30.882,-33.994
32.0,-34.342,-38.160
33.0,-33.924,-37.289
34.0,-36.986,-39.131
35.0,-36.880,-40.858
36.0,-37.397,-41.664
37.0,-37.219,-40.271
38.0,-39.018,-42.568
39.0,-46.654,-49.572
40.0,-50.143,-52.944
41.0,-54.101,-56.710
42.0,-72.966,-69.313
43.0,-36.148,-34.768
44.0,-29.810,-32.110
45.0,-28.343,-28.396
46.0,-38.543,-41.044
47.0,-48.040,-50.888
48.0,-40.152,-41.853
49.0,-36.568,-37.768
50.0,-37.970,-39.060
51.0,-44.102,-47.520
52.0,-52.844,-55.934
53.0,-44.469,-46.543
54.0,-32.395,-34.019
55.0,-29.491,-32.799
56.0,-22.417,-26.013
57.0,-21.333,-25.113
58.0,-25.725,-28.121
59.0,-24.445,-26.940
60.0,-31.907,-35.366
61.0,-26.121,-31.024
62.0,-24.612,-27.390
63.0,-32.344,-35.049
64.0,-29.343,-33.341
65.0,-30.690,-34.206
66.0,-43.401,-46.831
67.0,-25.758,-29.722
68.0,-28.157,-30.898
69.0,-38.697,-42.059
70.0,-36.146,-40.661
71.0,-37.198,-40.293
72.0,-40.939,-46.899
73.0,-56.833,-58.133
74.0,-74.527,-69.631
75.0,-51.148,-54.661
76.0,-47.604,-49.955
77.0,-42.216,-45.628
78.0,-34.867,-39.139
79.0,-32.644,-36.005
80.0,-36.937,-41.475
81.0,-38.260,-43.252
82.0,-35.315,-39.596
83.0,-37.125,-40.921
84.0,-38.313,-42.679
85.0,-34.425,-38.537
86.0,-29.733,-32.726
87.0,-33.577,-37.421
88.0,-39.562,-42.263
89.0,-33.734,-36.679
90.0,-35.069,-38.985
91.0,-44.132,-46.596
92.0,-53.710,-54.961
93.0,-71.611,-65.612
94.0,-63.246,-62.062
95.0,-45.651,-44.228
96.0,-35.445,-39.217
97.0,-34.078,-38.058
98.0,-32.550,-35.760
99.0,-36.879,-38.084
100.0,-36.254,-37.492
101.0,-37.405,-40.924
102.0,-38.625,-40.969
103.0,-34.245,-39.084
104.0,-35.950,-39.936
105.0,-35.995,-38.638
106.0,-34.628,-36.199
107.0,-31.773,-33.769
108.0,-28.621,-31.588
109.0,-31.114,-33.292
110.0,-34.681,-37.380
111.0,-32.967,-35.872
112.0,-33.234,-35.062
113.0,-32.574,-35.152
114.0,-29.941,-33.721
115.0,-27.132,-30.634
116.0,-29.034,-30.473
117.0,-23.668,-26.528
118.0,-26.251,-30.367
119.0,-25.582,-29.385
120.0,-27.124,-30.849
121.0,-27.010,-30.114
122.0,-29.352,-32.902
123.0,-28.932,-32.026
124.0,-28.101,-30.898
125.0,-29.831,-33.170
126.0,-32.856,-35.201
127.0,-35.877,-37.862
128.0,-37.744,-40.289
129.0,-40.581,-42.675
130.0,-34.899,-39.197
131.0,-34.703,-39.994
132.0,-37.009,-40.654
133.0,-42.571,-46.061
134.0,-49.523,-52.268
135.0,-56.791,-56.797
136.0,-68.572,-64.126
137.0,-73.830,-67.496
138.0,-35.181,-35.397
139.0,-32.123,-35.805
140.0,-38.314,-41.465
141.0,-42.181,-46.978
142.0,-26.618,-26.336
143.0,-26.785,-29.754
144.0,-25.057,-28.504
145.0,-35.935,-38.583
146.0,-46.404,-47.986
147.0,-35.436,-38.756
148.0,-29.767,-30.122
149.0,-24.599,-25.805
150.0,-22.026,-24.302
151.0,-22.974,-26.209
152.0,-23.005,-26.589
153.0,-28.424,-32.501
154.0,-25.828,-30.403
155.0,-23.912,-27.625
156.0,-33.298,-36.295
157.0,-26.156,-29.985
158.0,-28.688,-32.017
159.0,-43.297,-45.287
160.0,-37.863,-42.924
161.0,-35.606,-39.458
162.0,-36.776,-41.350
163.0,-56.894,-59.842
164.0,-40.307,-44.303
165.0,-40.664,-43.928
166.0,-48.760,-51.133
167.0,-68.593,-66.021
168.0,-73.969,-70.055
169.0,-44.959,-49.588
170.0,-43.119,-47.098
171.0,-40.356,-44.224
172.0,-35.384,-39.792
173.0,-32.485,-35.933
174.0,-33.519,-37.203
175.0,-34.330,-37.505
176.0,-31.718,-34.978
177.0,-32.855,-35.796
178.0,-33.583,-37.504
179.0,-32.223,-34.405
180.0,-28.985,-32.533
181.0,-30.339,-32.899
182.0,-29.254,-32.325
183.0,-28.292,-32.007
184.0,-31.050,-34.280
185.0,-32.559,-36.499
186.0,-34.272,-36.531
187.0,-36.004,-39.011
188.0,-36.039,-39.946
189.0,-37.728,-41.317
190.0,-35.748,-39.380
191.0,-36.637,-39.930
192.0,-33.937,-36.976
193.0,-32.308,-36.083
194.0,-30.545,-32.840
195.0,-30.106,-33.991
196.0,-26.837,-30.745
197.0,-27.764,-30.251
198.0,-28.700,-30.243
199.0,-26.040,-30.173
200.0,-26.067,-28.626
201.0,-27.452,-30.148
202.0,-24.760,-29.005
203.0,-29.718,-32.597
204.0,-38.926,-39.739
205.0,-34.832,-38.347
206.0,-32.205,-36.236
207.0,-31.794,-36.071
208.0,-32.369,-36.066
209.0,-26.982,-31.588
210.0,-29.442,-32.872
211.0,-27.873,-31.711
212.0,-26.481,-30.782
213.0,-28.540,-31.689
214.0,-36.502,-39.138
215.0,-39.519,-42.784
216.0,-35.837,-38.597
217.0,-32.240,-35.460
218.0,-32.037,-34.277
219.0,-33.293,-35.959
220.0,-30.946,-33.835
221.0,-28.846,-32.446
222.0,-29.213,-32.301
223.0,-26.920,-29.662
224.0,-26.800,-29.814
225.0,-24.238,-28.654
226.0,-26.196,-30.128
227.0,-26.849,-31.014
228.0,-24.570,-29.104
229.0,-28.533,-31.962
230.0,-25.597,-29.455
231.0,-26.909,-30.205
232.0,-28.011,-31.596
233.0,-32.181,-35.780
234.0,-34.677,-37.965
235.0,-35.073,-38.402
236.0,-37.272,-40.418
237.0,-38.111,-41.570
238.0,-37.793,-41.273
239.0,-33.357,-37.131
240.0,-31.712,-35.207
241.0,-31.898,-35.498
242.0,-35.934,-38.843
243.0,-31.220,-35.991
244.0,-27.694,-32.550
245.0,-29.732,-34.228
246.0,-31.716,-36.185
247.0,-31.873,-36.177
248.0,-34.887,-39.655
249.0,-36.407,-38.339
250.0,-36.602,-38.607
251.0,-37.577,-40.195
252.0,-39.458,-42.169
253.0,-30.933,-35.456
254.0,-28.863,-33.280
255.0,-27.948,-32.622
256.0,-29.227,-32.931
257.0,-35.612,-38.985
258.0,-34.523,-39.369
259.0,-36.407,-40.122
260.0,-35.189,-38.301
261.0,-35.690,-37.976
262.0,-35.856,-39.335
263.0,-34.757,-36.499
264.0,-30.827,-32.808
265.0,-29.258,-31.148
266.0,-28.363,-31.416
267.0,-28.184,-31.220
268.0,-28.963,-31.930
269.0,-31.316,-34.613
270.0,-31.718,-34.378
271.0,-32.913,-37.899
272.0,-31.907,-35.914
273.0,-28.765,-32.279
274.0,-28.970,-31.892
275.0,-28.622,-32.202
276.0,-30.315,-33.505
277.0,-29.255,-33.334
278.0,-26.339,-30.695
279.0,-26.125,-29.029
280.0,-28.437,-29.196
281.0,-25.939,-29.607
282.0,-24.392,-28.083
283.0,-25.159,-28.766
284.0,-25.784,-29.805
285.0,-24.339,-27.929
286.0,-24.155,-26.598
287.0,-22.144,-24.465
288.0,-24.964,-25.104
289.0,-22.484,-25.541
290.0,-22.384,-26.221
291.0,-22.268,-26.043
292.0,-23.831,-26.088
293.0,-22.793,-26.440
294.0,-24.260,-27.596
295.0,-24.208,-27.337
296.0,-26.056,-28.724
297.0,-25.381,-28.059
298.0,-25.290,-28.644
299.0,-27.092,-30.473
300.0,-26.564,-30.085
301.0,-29.668,-33.681
302.0,-33.623,-37.371
303.0,-31.492,-35.774
304.0,-33.644,-37.109
305.0,-33.871,-36.957
306.0,-35.535,-39.513
307.0,-38.252,-41.334
308.0,-48.610,-52.203
309.0,-47.261,-51.062
310.0,-52.641,-55.801
311.0,-73.941,-65.016
312.0,-52.222,-55.341
313.0,-48.121,-51.829
314.0,-33.255,-35.631
315.0,-39.892,-43.135
316.0,-28.142,-33.571
317.0,-37.115,-42.983
318.0,-48.115,-51.784
319.0,-36.361,-40.987
320.0,-32.652,-36.733
321.0,-35.047,-37.115
322.0,-35.204,-37.803
323.0,-37.128,-40.468
324.0,-36.029,-39.049
325.0,-37.471,-39.744
326.0,-35.337,-39.028
327.0,-39.781,-42.984
328.0,-39.857,-43.456
329.0,-40.022,-44.441
330.0,-37.340,-40.741
331.0,-33.281,-35.985
332.0,-33.939,-38.392
333.0,-32.485,-35.192
334.0,-29.567,-34.857
335.0,-36.643,-39.441
336.0,-30.229,-34.985
337.0,-29.610,-32.216
338.0,-31.686,-34.074
339.0,-34.153,-35.976
340.0,-37.232,-39.251
341.0,-36.913,-39.709
342.0,-39.050,-42.470
343.0,-39.440,-43.141
344.0,-39.159,-42.404
345.0,-32.772,-35.344
346.0,-33.958,-36.872
347.0,-36.177,-39.912
348.0,-37.287,-41.238
349.0,-34.157,-38.060
350.0,-29.051,-31.960
351.0,-29.657,-33.427
352.0,-30.100,-34.090
353.0,-31.669,-35.562
354.0,-28.872,-33.378
355.0,-27.988,-32.157
356.0,-32.066,-34.512
357.0,-31.814,-35.287
358.0,-28.722,-32.372
359.0,-29.432,-32.148
360.0,-34.051,-37.041
361.0,-32.336,-35.176
362.0,-31.527,-34.111
363.0,-31.629,-34.118
364.0,-29.832,-33.702
365.0,-29.270,-33.138
366.0,-30.478,-34.051
367.0,-32.330,-35.188
368.0,-36.470,-40.414
369.0,-37.442,-39.859
370.0,-37.750,-40.683
371.0,-40.462,-42.609
372.0,-40.597,-44.903
373.0,-41.728,-45.752
374.0,-44.142,-47.437
375.0,-41.369,-44.626
376.0,-38.902,-42.225
377.0,-36.008,-39.285
378.0,-33.389,-38.469
379.0,-36.070,-39.795
380.0,-36.723,-38.883
381.0,-33.612,-38.370
382.0,-34.298,-37.937
383.0,-38.235,-42.133
384.0,-37.717,-41.489
385.0,-40.999,-44.525
386.0,-37.713,-41.774
387.0,-36.331,-39.731
388.0,-35.161,-38.428
389.0,-33.117,-37.862
390.0,-36.504,-40.192
391.0,-34.253,-38.334
392.0,-33.608,-38.076
393.0,-35.855,-39.624
394.0,-38.083,-42.166
395.0,-37.738,-42.475
396.0,-41.237,-44.956
397.0,-43.926,-47.337
398.0,-33.991,-37.521
399.0,-33.694,-37.058
400.0,-35.710,-38.053
401.0,-33.514,-36.748
402.0,-36.698,-41.242
403.0,-35.163,-39.610
404.0,-35.277,-38.469
405.0,-34.499,-36.713
406.0,-34.738,-39.217
407.0,-37.666,-38.741
408.0,-36.908,-41.518
409.0,-39.411,-43.225
410.0,-33.580,-37.192
411.0,-33.683,-37.655
412.0,-35.569,-40.162
413.0,-33.519,-38.090
414.0,-37.392,-38.943
415.0,-38.404,-42.296
416.0,-36.806,-40.746
417.0,-36.163,-40.653
418.0,-38.982,-42.521
419.0,-37.036,-41.752
420.0,-43.411,-47.529
421.0,-45.592,-49.409
422.0,-43.644,-46.762
423.0,-36.960,-38.832
424.0,-32.731,-37.361
425.0,-36.535,-41.030
426.0,-39.035,-42.766
427.0,-37.856,-41.625
428.0,-30.693,-35.846
429.0,-32.248,-36.310
430.0,-38.662,-41.038
431.0,-37.989,-44.123
432.0,-39.361,-42.549
433.0,-34.849,-37.440
434.0,-31.562,-35.693
435.0,-33.703,-37.972
436.0,-35.391,-40.408
437.0,-38.067,-41.750
438.0,-34.089,-37.492
439.0,-30.285,-33.864
440.0,-31.348,-35.244
441.0,-30.428,-34.563
442.0,-31.776,-34.506
443.0,-38.169,-40.958
444.0,-34.964,-39.082
445.0,-31.286,-35.986
446.0,-38.982,-44.153
447.0,-41.637,-47.169
448.0,-43.220,-48.202
449.0,-36.696,-40.102
450.0,-36.574,-39.481
451.0,-32.776,-34.794
452.0,-31.034,-33.030
453.0,-30.809,-35.448
454.0,-32.558,-35.436
455.0,-34.915,-36.789
456.0,-31.626,-33.782
457.0,-34.132,-37.879
458.0,-37.241,-41.698
459.0,-37.196,-41.020
460.0,-34.585,-36.825
461.0,-30.131,-32.255
462.0,-33.627,-35.259
463.0,-36.651,-38.323
464.0,-30.163,-35.075
465.0,-32.004,-34.261
466.0,-34.936,-38.367
467.0,-32.481,-34.883
468.0,-33.666,-36.891
469.0,-35.091,-38.747
470.0,-35.128,-39.509
471.0,-30.646,-34.619
472.0,-29.285,-32.097
473.0,-29.440,-32.423
474.0,-28.646,-33.779
475.0,-27.316,-30.510
476.0,-26.915,-28.502
477.0,-29.762,-31.077
478.0,-29.735,-31.157
479.0,-32.210,-34.194
480.0,-25.777,-28.547
481.0,-27.694,-30.932
482.0,-28.076,-31.680
483.0,-30.758,-33.357
484.0,-31.851,-33.254
485.0,-31.815,-33.785
486.0,-33.386,-37.703
487.0,-35.040,-39.630
488.0,-34.824,-39.630
489.0,-40.975,-45.013
490.0,-43.425,-47.380
491.0,-39.288,-43.134
492.0,-33.413,-37.505
493.0,-35.974,-38.145
494.0,-30.206,-34.255
495.0,-28.867,-33.503
496.0,-30.168,-33.955
497.0,-30.305,-33.619
498.0,-30.667,-33.820
499.0,-38.046,-41.526
500.0,-36.470,-40.456
501.0,-31.039,-34.750
502.0,-31.209,-34.919
503.0,-28.914,-32.271
504.0,-29.524,-32.731
505.0,-30.162,-32.020
506.0,-27.640,-31.186
507.0,-29.365,-32.916
508.0,-35.197,-38.078
509.0,-26.369,-30.791
510.0,-26.555,-30.274
511.0,-28.084,-31.330
512.0,-29.827,-34.878
513.0,-34.469,-38.789
514.0,-32.856,-37.200
515.0,-32.214,-35.633
516.0,-36.354,-39.521
517.0,-42.291,-45.140
518.0,-43.671,-46.828
519.0,-43.278,-44.506
520.0,-37.625,-41.296
521.0,-38.355,-41.977
522.0,-35.545,-39.252
523.0,-36.461,-40.612
524.0,-33.062,-36.407
525.0,-30.727,-34.985
526.0,-36.421,-39.635
527.0,-38.836,-42.274
528.0,-40.608,-43.552
529.0,-36.759,-41.076
530.0,-34.867,-39.130
531.0,-35.286,-38.805
532.0,-28.950,-33.477
533.0,-32.854,-35.590
534.0,-30.326,-34.082
535.0,-29.000,-33.324
536.0,-26.534,-31.007
537.0,-26.123,-30.724
538.0,-25.850,-29.861
539.0,-27.626,-30.249
540.0,-26.287,-29.903
541.0,-26.235,-28.842
542.0,-29.976,-32.907
543.0,-25.173,-29.650
544.0,-25.489,-28.212
545.0,-25.028,-27.968
546.0,-25.668,-27.766
547.0,-25.208,-29.175
548.0,-23.539,-26.849
549.0,-22.435,-25.731
550.0,-22.235,-26.647
551.0,-24.771,-28.702
552.0,-21.292,-26.066
553.0,-20.726,-25.152
554.0,-20.985,-24.740
555.0,-21.020,-23.957
556.0,-25.375,-29.220
557.0,-25.692,-28.752
558.0,-23.665,-26.557
559.0,-22.573,-24.664
560.0,-22.637,-25.622
561.0,-24.988,-27.644
562.0,-22.655,-27.544
563.0,-24.345,-28.155
564.0,-24.632,-26.316
565.0,-24.139,-27.050
566.0,-27.104,-30.217
567.0,-24.904,-27.057
568.0,-24.421,-26.838
569.0,-24.759,-26.302
570.0,-23.740,-26.775
571.0,-24.313,-27.330
572.0,-23.069,-27.454
573.0,-23.971,-28.224
574.0,-22.963,-24.671
575.0,-24.389,-27.584
576.0,-25.753,-28.890
577.0,-25.513,-28.508
578.0,-26.824,-27.877
579.0,-25.994,-27.815
580.0,-23.742,-26.280
581.0,-25.819,-28.931
582.0,-25.907,-28.473
583.0,-27.398,-29.992
584.0,-26.704,-28.257
585.0,-24.363,-27.411
586.0,-27.352,-30.745
587.0,-25.805,-28.895
588.0,-24.806,-26.930
589.0,-25.379,-26.813
590.0,-24.160,-27.983
591.0,-24.415,-28.461
592.0,-24.962,-29.487
593.0,-26.836,-29.677
594.0,-25.960,-28.434
595.0,-24.984,-28.599
596.0,-28.509,-31.907
597.0,-27.028,-30.472
598.0,-25.764,-28.020
599.0,-24.920,-25.915
600.0,-22.151,-26.919
601.0,-26.058,-28.475
602.0,-21.593,-25.892
603.0,-21.424,-24.627
604.0,-21.767,-24.074
605.0,-24.685,-27.598
606.0,-22.416,-25.741
607.0,-20.845,-23.704
608.0,-24.603,-25.752
609.0,-23.549,-27.188
610.0,-25.435,-26.548
611.0,-27.400,-27.783
612.0,-24.036,-27.902
613.0,-27.392,-30.918
614.0,-28.796,-31.779
615.0,-35.617,-38.331
616.0,-30.740,-34.905
617.0,-27.333,-30.624
618.0,-35.010,-36.848
619.0,-40.262,-43.616
620.0,-42.755,-46.313
621.0,-50.369,-51.955
622.0,-53.172,-55.971
623.0,-34.506,-36.485
624.0,-30.997,-33.730
625.0,-34.278,-38.569
626.0,-46.433,-48.965
627.0,-37.264,-44.776
628.0,-35.970,-42.263
629.0,-44.391,-48.537
630.0,-69.006,-64.619
631.0,-38.141,-41.640
632.0,-35.771,-38.265
633.0,-31.797,-35.585
634.0,-30.987,-35.592
635.0,-33.461,-37.353
636.0,-30.804,-34.144
637.0,-32.723,-36.341
638.0,-37.204,-40.032
639.0,-37.977,-41.010
640.0,-37.746,-41.371
641.0,-33.031,-36.922
642.0,-32.261,-33.421
643.0,-40.586,-40.974
644.0,-52.254,-52.086
645.0,-64.005,-62.046
646.0,-73.235,-64.478
647.0,-74.528,-65.599
648.0,-51.373,-51.510
649.0,-39.185,-41.464
650.0,-39.076,-43.540
651.0,-35.086,-39.448
652.0,-34.484,-39.320
653.0,-38.394,-39.842
654.0,-32.752,-34.464
655.0,-30.422,-33.345
656.0,-28.198,-32.548
657.0,-30.335,-34.665
658.0,-30.043,-34.345
659.0,-29.375,-34.870
660.0,-32.370,-36.271
661.0,-34.439,-38.393
662.0,-35.637,-38.266
663.0,-31.432,-35.056
664.0,-25.400,-29.636
665.0,-26.148,-30.661
666.0,-31.706,-35.571
667.0,-32.296,-35.354
668.0,-29.664,-32.155
669.0,-27.803,-30.997
670.0,-25.872,-29.469
671.0,-26.787,-30.170
672.0,-26.921,-30.246
673.0,-24.885,-27.821
674.0,-25.497,-28.262
675.0,-25.949,-29.531
676.0,-23.322,-26.367
677.0,-23.337,-26.537
678.0,-22.759,-26.382
679.0,-28.721,-31.699
680.0,-33.079,-34.448
681.0,-31.530,-35.056
682.0,-30.700,-32.919
683.0,-26.385,-29.360
684.0,-25.489,-29.196
685.0,-26.594,-31.274
686.0,-29.437,-31.694
687.0,-24.919,-27.333
688.0,-21.737,-24.779
689.0,-21.782,-24.977
690.0,-21.925,-24.684
691.0,-21.928,-23.625
692.0,-21.421,-22.915
693.0,-21.758,-22.906
694.0,-21.958,-22.194
695.0,-21.684,-22.551
696.0,-19.022,-22.456
697.0,-21.223,-24.346
698.0,-17.986,-21.881
699.0,-18.960,-22.241
700.0,-17.681,-21.039
701.0,-19.089,-24.052
702.0,-21.536,-23.916
703.0,-21.269,-23.975
704.0,-27.601,-31.433
705.0,-24.991,-30.765
706.0,-28.393,-31.805
707.0,-28.092,-30.421
708.0,-31.164,-33.618
709.0,-33.419,-35.436
710.0,-28.647,-32.205
711.0,-30.028,-33.697
712.0,-33.311,-36.469
713.0,-32.908,-35.482
714.0,-31.071,-36.649
715.0,-31.901,-35.409
716.0,-30.808,-35.248
717.0,-31.816,-36.093
718.0,-28.511,-32.990
719.0,-30.073,-34.882
720.0,-29.548,-33.511
721.0,-32.838,-37.096
722.0,-32.147,-35.636
723.0,-35.574,-38.913
724.0,-35.222,-38.937
725.0,-35.292,-40.263
726.0,-34.969,-38.538
727.0,-33.070,-35.835
728.0,-34.848,-36.841
729.0,-31.829,-35.878
730.0,-32.770,-36.145
731.0,-29.580,-34.118
732.0,-30.629,-35.273
733.0,-27.921,-31.848
734.0,-31.608,-34.193
735.0,-27.673,-30.615
736.0,-30.193,-33.534
737.0,-28.439,-31.428
738.0,-24.144,-28.229
739.0,-26.463,-30.987
740.0,-30.625,-34.371
741.0,-33.000,-36.669
742.0,-35.590,-39.271
743.0,-32.952,-37.155
744.0,-36.764,-39.268
745.0,-33.355,-36.612
746.0,-31.236,-33.810
747.0,-34.242,-38.218
748.0,-33.696,-37.235
749.0,-31.330,-33.943
750.0,-31.455,-34.378
751.0,-33.676,-37.133
752.0,-32.548,-35.099
753.0,-30.729,-33.238
754.0,-34.086,-36.985
755.0,-36.926,-37.753
756.0,-33.046,-35.772
757.0,-29.183,-32.523
758.0,-28.146,-31.114
759.0,-27.774,-31.131
760.0,-27.737,-30.600
761.0,-26.010,-29.753
762.0,-26.355,-30.159
763.0,-25.428,-28.201
764.0,-23.712,-27.125
765.0,-24.112,-27.219
766.0,-25.973,-26.827
767.0,-25.504,-28.111
768.0,-26.968,-29.052
769.0,-25.729,-28.672
770.0,-25.118,-28.855
771.0,-27.347,-30.136
772.0,-25.502,-29.862
773.0,-28.251,-33.247
774.0,-26.919,-30.783
775.0,-27.992,-31.096
776.0,-29.649,-33.606
777.0,-26.285,-30.131
778.0,-30.802,-34.171
779.0,-28.634,-32.385
780.0,-25.921,-30.149
781.0,-28.425,-32.204
782.0,-27.392,-29.505
783.0,-26.100,-29.081
784.0,-26.008,-29.968
785.0,-26.100,-29.231
786.0,-25.303,-27.495
787.0,-25.545,-28.429
788.0,-23.215,-26.354
789.0,-22.630,-25.624
790.0,-22.682,-25.577
791.0,-22.457,-23.754
792.0,-21.700,-23.562
793.0,-20.548,-23.220
794.0,-21.733,-24.239
795.0,-20.804,-23.880
796.0,-21.790,-24.957
797.0,-24.021,-27.209
798.0,-28.507,-30.725
799.0,-27.030,-30.408
800.0,-25.480,-28.600
801.0,-24.041,-28.451
802.0,-21.124,-25.579
803.0,-22.353,-27.316
804.0,-23.791,-28.086
805.0,-28.357,-31.285
806.0,-25.841,-30.658
807.0,-27.142,-31.449
808.0,-26.280,-30.002
809.0,-29.201,-32.259
810.0,-31.832,-34.642
811.0,-32.782,-37.390
812.0,-35.103,-39.769
813.0,-44.913,-48.497
814.0,-41.971,-46.763
815.0,-43.213,-47.566
816.0,-41.628,-46.157
817.0,-43.874,-47.378
818.0,-40.169,-44.463
819.0,-34.447,-38.935
820.0,-36.095,-39.798
821.0,-36.321,-39.799
822.0,-34.676,-38.842
823.0,-37.150,-41.287
824.0,-35.985,-38.607
825.0,-34.660,-37.850
826.0,-34.597,-36.607
827.0,-29.300,-32.381
828.0,-26.162,-30.605
829.0,-25.793,-29.532
830.0,-28.263,-31.280
831.0,-26.466,-29.767
832.0,-29.489,-32.466
833.0,-29.480,-33.276
834.0,-31.415,-35.578
835.0,-35.910,-38.514
836.0,-37.699,-41.241
837.0,-40.083,-43.758
838.0,-40.115,-44.713
839.0,-41.382,-45.547
840.0,-38.002,-41.853
841.0,-37.157,-41.610
842.0,-36.929,-42.246
843.0,-40.247,-44.854
844.0,-42.624,-45.930
845.0,-34.642,-38.450
846.0,-37.236,-40.525
847.0,-31.935,-36.303
848.0,-37.117,-40.335
849.0,-36.945,-41.221
850.0,-34.114,-38.373
851.0,-31.968,-35.252
852.0,-31.421,-36.243
853.0,-32.981,-37.622
854.0,-26.941,-31.249
855.0,-30.678,-35.191
856.0,-27.210,-31.167
857.0,-24.170,-27.589
858.0,-24.221,-26.936
859.0,-25.750,-29.248
860.0,-30.011,-34.351
861.0,-28.971,-32.941
862.0,-33.532,-38.388
863.0,-27.346,-31.325
864.0,-25.580,-29.997
865.0,-26.891,-30.390
866.0,-28.169,-32.009
867.0,-32.255,-35.180
868.0,-30.062,-33.857
869.0,-30.056,-35.176
870.0,-28.107,-32.768
871.0,-29.222,-33.104
872.0,-26.075,-31.377
873.0,-28.269,-32.577
874.0,-26.984,-30.200
875.0,-27.171,-29.753
876.0,-23.773,-27.531
877.0,-25.322,-28.604
878.0,-23.593,-26.611
879.0,-21.851,-25.428
880.0,-23.267,-26.226
881.0,-23.042,-24.345
882.0,-23.850,-26.854
883.0,-22.846,-25.242
884.0,-24.693,-26.434
885.0,-23.431,-26.191
886.0,-21.741,-25.271
887.0,-21.554,-24.863
888.0,-21.872,-26.624
889.0,-24.576,-26.917
890.0,-28.709,-32.262
891.0,-26.362,-30.784
892.0,-27.372,-29.777
893.0,-24.211,-27.434
894.0,-25.223,-28.867
895.0,-30.281,-32.477
896.0,-30.180,-31.434
897.0,-21.873,-25.547
898.0,-22.062,-25.099
899.0,-22.487,-26.382
900.0,-27.609,-31.707
901.0,-26.301,-27.941
902.0,-23.276,-26.245
903.0,-24.775,-30.532
904.0,-30.649,-33.265
905.0,-29.455,-32.666
906.0,-31.521,-34.053
907.0,-28.693,-32.218
908.0,-32.253,-36.252
909.0,-30.006,-32.490
910.0,-25.353,-29.655
911.0,-27.323,-30.504
912.0,-22.672,-27.527
913.0,-24.650,-27.651
914.0,-22.838,-26.252
915.0,-22.649,-26.638
916.0,-22.633,-26.435
917.0,-22.003,-25.601
918.0,-22.368,-25.796
919.0,-21.687,-24.885
920.0,-21.379,-23.593
921.0,-18.038,-21.068
922.0,-20.409,-23.624
923.0,-17.909,-20.463
924.0,-19.177,-22.018
925.0,-20.286,-21.368
926.0,-20.388,-22.113
927.0,-18.522,-21.812
928.0,-18.290,-21.458
929.0,-18.907,-22.034
930.0,-17.907,-20.549
931.0,-19.822,-22.961
932.0,-17.244,-21.293
933.0,-18.537,-21.406
934.0,-16.803,-20.655
935.0,-17.849,-21.388
936.0,-15.963,-19.876
937.0,-17.623,-21.119
938.0,-17.024,-20.379
939.0,-17.264,-20.675
940.0,-17.776,-20.435
941.0,-19.450,-22.280
942.0,-22.739,-24.358
943.0,-35.119,-37.957
944.0,-42.742,-43.758
945.0,-55.547,-57.312
946.0,-24.993,-31.443
947.0,-22.462,-26.823
948.0,-21.477,-26.146
949.0,-24.304,-27.756
950.0,-25.289,-28.669
951.0,-26.216,-28.782
952.0,-25.629,-28.870
953.0,-25.202,-27.947
954.0,-27.573,-30.737
955.0,-28.094,-30.752
956.0,-27.960,-32.111
957.0,-30.946,-34.965
958.0,-31.429,-35.688
959.0,-35.780,-41.386
960.0,-33.375,-37.849
961.0,-26.972,-31.107
962.0,-29.439,-33.706
963.0,-33.409,-37.004
964.0,-29.961,-33.735
965.0,-31.718,-35.262
966.0,-32.278,-36.640
967.0,-33.746,-36.711
968.0,-28.253,-31.809
969.0,-27.769,-30.571
970.0,-27.657,-30.093
971.0,-30.060,-32.568
972.0,-31.786,-35.251
973.0,-34.816,-37.400
974.0,-35.687,-39.103
975.0,-30.217,-33.570
976.0,-29.523,-32.486
977.0,-34.085,-37.606
978.0,-36.934,-38.381
979.0,-34.430,-37.106
980.0,-33.700,-36.488
981.0,-33.814,-37.430
982.0,-34.157,-37.457
983.0,-30.081,-32.775
984.0,-32.079,-34.413
985.0,-34.857,-37.332
986.0,-37.376,-39.281
987.0,-36.646,-41.091
988.0,-36.774,-40.998
989.0,-40.613,-43.121
990.0,-39.861,-40.881
991.0,-37.171,-38.200
992.0,-36.345,-38.376
993.0,-37.499,-40.274
994.0,-34.232,-38.046
995.0,-34.181,-38.664
996.0,-33.333,-37.790
997.0,-29.080,-34.242
998.0,-32.035,-35.756
999.0,-32.815,-35.781
1000.0,-30.807,-35.692
1001.0,-32.226,-37.483
1002.0,-36.122,-39.433
1003.0,-32.671,-37.023
1004.0,-30.146,-34.940
1005.0,-31.057,-36.674
1006.0,-30.199,-35.147
1007.0,-31.584,-36.172
1008.0,-32.926,-35.665
1009.0,-32.922,-36.178
1010.0,-31.279,-35.800
1011.0,-29.801,-33.911
1012.0,-30.722,-34.412
1013.0,-37.415,-41.075
1014.0,-39.765,-43.197
1015.0,-36.399,-38.601
1016.0,-35.208,-37.871
1017.0,-33.387,-36.900
1018.0,-34.008,-37.728
1019.0,-35.637,-38.726
1020.0,-35.332,-39.557
1021.0,-34.273,-38.648
1022.0,-32.114,-36.890
1023.0,-33.577,-36.933
1024.0,-32.069,-34.672
1025.0,-30.637,-32.984
1026.0,-30.018,-33.122
1027.0,-31.743,-34.331
1028.0,-29.423,-33.135
1029.0,-27.382,-31.279
1030.0,-26.632,-30.787
1031.0,-29.042,-31.184
1032.0,-25.805,-28.614
1033.0,-24.941,-27.879
1034.0,-25.002,-27.340
1035.0,-24.412,-26.335
1036.0,-23.560,-26.080
1037.0,-23.103,-26.743
1038.0,-21.574,-24.524
1039.0,-20.994,-24.472
1040.0,-20.287,-24.067
1041.0,-20.203,-24.427
1042.0,-22.341,-24.638
1043.0,-20.571,-24.211
1044.0,-20.825,-24.967
1045.0,-20.776,-23.415
1046.0,-20.378,-23.831
1047.0,-20.837,-24.312
1048.0,-20.232,-24.543
1049.0,-19.631,-23.385
1050.0,-20.711,-23.634
1051.0,-21.827,-24.662
1052.0,-20.660,-23.848
1053.0,-20.376,-24.732
1054.0,-21.076,-24.687
1055.0,-21.684,-24.899
1056.0,-20.924,-23.698
1057.0,-19.715,-22.954
1058.0,-20.301,-23.280
1059.0,-19.959,-22.452
1060.0,-21.220,-23.972
1061.0,-22.382,-24.788
1062.0,-21.734,-24.840
1063.0,-23.134,-25.795
1064.0,-21.162,-24.328
1065.0,-21.669,-24.875
1066.0,-21.277,-24.436
1067.0,-21.856,-25.823
1068.0,-24.186,-26.827
1069.0,-26.440,-28.517
1070.0,-26.866,-29.842
1071.0,-25.608,-29.009
1072.0,-25.033,-27.352
1073.0,-24.251,-28.024
1074.0,-21.407,-23.964
1075.0,-27.588,-29.104
1076.0,-23.765,-27.519
1077.0,-22.990,-25.712
1078.0,-21.248,-24.639
1079.0,-21.501,-24.539
1080.0,-23.825,-25.846
1081.0,-38.544,-40.195
1082.0,-29.299,-32.922
1083.0,-28.337,-30.651
1084.0,-25.491,-27.558
1085.0,-22.810,-25.992
1086.0,-20.587,-22.478
1087.0,-20.981,-23.126
1088.0,-19.223,-21.510
1089.0,-21.783,-25.466
1090.0,-19.486,-23.600
1091.0,-21.509,-23.937
1092.0,-20.528,-23.821
1093.0,-21.478,-24.856
1094.0,-22.745,-26.018
1095.0,-27.979,-30.657
1096.0,-31.617,-35.174
1097.0,-34.889,-37.432
1098.0,-33.739,-37.878
1099.0,-35.459,-39.394
1100.0,-31.277,-34.821
1101.0,-30.499,-33.583
1102.0,-25.757,-29.187
1103.0,-24.683,-28.267
1104.0,-22.817,-25.510
1105.0,-27.806,-30.652
1106.0,-22.530,-25.250
1107.0,-20.589,-23.840
1108.0,-22.600,-24.605
1109.0,-21.862,-25.384
1110.0,-22.912,-25.398
1111.0,-20.095,-24.182
1112.0,-20.629,-24.065
1113.0,-19.822,-23.092
1114.0,-20.770,-23.869
1115.0,-18.231,-21.625
1116.0,-18.698,-22.412
1117.0,-19.652,-23.104
1118.0,-21.296,-23.694
1119.0,-19.092,-22.006
1120.0,-17.846,-21.796
1121.0,-19.342,-22.545
1122.0,-19.658,-22.976
1123.0,-18.647,-22.565
1124.0,-19.106,-22.834
1125.0,-18.870,-22.305
1126.0,-18.364,-22.160
1127.0,-19.262,-23.011
1128.0,-18.172,-20.898
1129.0,-18.008,-21.364
1130.0,-20.679,-22.454
1131.0,-29.769,-33.116
1132.0,-24.418,-25.443
1133.0,-29.334,-33.086
1134.0,-31.565,-35.204
1135.0,-21.176,-24.082
1136.0,-28.614,-31.437
1137.0,-33.492,-36.808
1138.0,-34.130,-39.685
1139.0,-41.450,-45.151
1140.0,-61.330,-62.670
1141.0,-73.919,-69.547
1142.0,-74.762,-66.496
1143.0,-73.757,-69.696
1144.0,-73.566,-66.546
1145.0,-73.887,-62.856
1146.0,-73.969,-64.962
1147.0,-76.495,-70.103
