t_start_s,order0_dBFS,order1_dBFS,order2_dBFS,order3_dBFS
0.0,-62.837,-65.986,-70.443,-71.310
1.0,-70.872,-68.457,-76.526,-79.252
2.0,-71.412,-69.033,-75.660,-79.845
3.0,-66.977,-67.765,-73.504,-75.443
4.0,-63.313,-65.613,-70.211,-71.767
5.0,-69.884,-62.634,-76.745,-78.199
6.0,-69.986,-61.607,-76.841,-78.290
7.0,-70.054,-62.960,-76.925,-78.362
8.0,-71.133,-66.076,-77.995,-79.432
9.0,-70.922,-68.009,-77.775,-79.158
10.0,-71.684,-68.993,-78.498,-79.864
11.0,-55.502,-59.592,-62.480,-63.969
12.0,-40.262,-45.232,-46.743,-48.705
13.0,-38.975,-42.632,-45.675,-47.460
14.0,-34.497,-39.617,-41.216,-42.967
15.0,-31.276,-36.807,-37.919,-39.729
16.0,-34.523,-38.651,-41.551,-42.979
17.0,-32.849,-40.681,-40.405,-41.181
18.0,-37.035,-44.420,-43.457,-45.432
19.0,-35.150,-39.654,-41.513,-43.604
20.0,-37.891,-41.081,-44.744,-46.361
21.0,-36.806,-42.194,-43.841,-45.248
22.0,-34.234,-39.536,-41.038,-42.682
23.0,-34.120,-40.203,-41.190,-42.526
24.0,-33.741,-38.056,-40.162,-42.202
25.0,-28.800,-35.727,-36.202,-37.139
26.0,-28.322,-33.618,-35.169,-36.786
27.0,-30.677,-35.313,-38.868,-39.044
28.0,-31.129,-36.763,-39.070,-39.491
29.0,-33.946,-38.379,-39.890,-42.460
30.0,-33.589,-37.910,-40.323,-42.022
31.0,-33.454,-38.065,-40.624,-41.900
32.0,-33.889,-38.278,-41.227,-42.334
33.0,-31.837,-36.257,-39.361,-40.236
34.0,-28.931,-32.661,-35.641,-37.387
35.0,-29.138,-33.335,-35.431,-37.636
36.0,-27.695,-33.047,-35.187,-36.212
37.0,-29.067,-33.377,-35.586,-37.560
38.0,-28.574,-32.312,-35.304,-37.026
39.0,-31.714,-35.776,-38.685,-40.138
40.0,-33.300,-38.572,-40.534,-41.698
41.0,-33.598,-37.836,-40.185,-42.150
42.0,-36.970,-41.113,-43.852,-45.431
43.0,-37.135,-41.546,-45.120,-45.502
44.0,-37.612,-41.395,-44.894,-46.042
45.0,-36.342,-40.515,-43.120,-44.821
46.0,-38.605,-43.076,-45.827,-47.062
47.0,-47.195,-49.999,-54.089,-55.653
48.0,-48.233,-53.709,-54.855,-56.707
49.0,-53.187,-59.350,-59.846,-61.673
50.0,-71.533,-67.985,-78.356,-79.822
51.0,-31.359,-36.872,-35.736,-40.692
52.0,-27.754,-31.476,-33.748,-36.258
53.0,-29.483,-32.295,-35.673,-38.143
54.0,-39.382,-43.774,-46.892,-47.819
55.0,-51.374,-55.516,-58.978,-59.777
56.0,-37.696,-43.538,-44.243,-46.428
57.0,-35.442,-39.257,-41.826,-44.143
58.0,-37.913,-41.538,-43.209,-46.614
59.0,-45.319,-49.410,-51.968,-53.778
60.0,-56.900,-59.422,-63.564,-65.348
61.0,-35.931,-43.105,-45.751,-44.230
62.0,-31.533,-36.550,-40.002,-39.952
63.0,-27.712,-32.185,-33.783,-36.229
64.0,-21.035,-26.219,-28.421,-29.428
65.0,-22.809,-26.887,-28.630,-31.279
66.0,-24.673,-29.852,-31.922,-33.091
67.0,-24.565,-28.824,-33.382,-32.866
68.0,-34.604,-38.192,-42.406,-42.950
69.0,-25.392,-29.814,-32.056,-33.865
70.0,-24.485,-28.791,-30.873,-32.951
71.0,-35.730,-38.810,-42.457,-44.167
72.0,-28.711,-32.898,-35.851,-37.143
73.0,-33.090,-36.301,-40.180,-41.576
74.0,-31.002,-36.335,-37.730,-39.510
75.0,-25.830,-30.171,-32.405,-34.287
76.0,-30.580,-33.084,-36.919,-39.036
77.0,-42.327,-45.995,-49.525,-50.825
78.0,-35.515,-40.230,-42.604,-43.954
79.0,-38.030,-41.174,-45.117,-46.492
80.0,-42.240,-47.184,-48.919,-50.768
81.0,-59.733,-61.641,-66.942,-68.182
82.0,-71.847,-69.440,-78.693,-80.123
83.0,-48.513,-54.460,-55.141,-56.982
84.0,-43.335,-47.274,-50.271,-51.812
85.0,-42.571,-46.180,-49.673,-51.032
86.0,-33.197,-38.097,-40.180,-41.586
87.0,-31.632,-38.313,-38.677,-40.017
88.0,-38.407,-42.797,-44.933,-46.846
89.0,-38.248,-42.942,-44.917,-46.694
90.0,-34.214,-40.163,-41.172,-42.611
91.0,-36.620,-41.931,-43.424,-45.028
92.0,-41.623,-44.481,-48.219,-50.071
93.0,-34.738,-37.349,-41.704,-43.135
94.0,-27.650,-34.676,-35.555,-35.959
95.0,-34.996,-39.739,-42.377,-43.358
96.0,-36.955,-41.769,-44.306,-45.336
97.0,-32.996,-39.058,-42.096,-41.334
98.0,-36.133,-40.361,-43.629,-44.598
99.0,-45.315,-49.386,-52.345,-53.735
100.0,-55.571,-60.577,-63.694,-63.991
101.0,-70.672,-68.495,-77.565,-78.897
102.0,-49.789,-53.252,-56.612,-58.201
103.0,-41.168,-46.193,-48.978,-49.525
104.0,-33.797,-39.104,-42.136,-42.148
105.0,-34.089,-38.688,-41.494,-42.545
106.0,-32.914,-37.592,-40.944,-41.307
107.0,-35.304,-40.114,-42.365,-43.695
108.0,-36.150,-39.231,-40.921,-44.813
109.0,-36.757,-41.646,-43.120,-45.203
110.0,-36.774,-42.616,-44.150,-45.236
111.0,-34.130,-39.364,-41.100,-42.577
112.0,-35.377,-40.425,-41.974,-43.825
113.0,-35.552,-40.004,-42.050,-44.017
114.0,-33.325,-36.177,-39.859,-41.756
115.0,-30.161,-34.525,-35.609,-38.762
116.0,-28.787,-33.171,-35.235,-37.237
117.0,-31.757,-35.420,-35.754,-40.281
118.0,-35.749,-40.020,-40.743,-44.329
119.0,-32.314,-37.147,-38.531,-40.839
120.0,-33.101,-36.656,-39.711,-41.549
121.0,-32.223,-36.527,-38.290,-40.649
122.0,-28.504,-33.745,-35.681,-36.961
123.0,-27.208,-30.850,-32.318,-35.767
124.0,-27.841,-31.738,-34.493,-36.246
125.0,-23.065,-27.880,-29.683,-31.527
126.0,-24.852,-30.435,-31.660,-33.344
127.0,-25.190,-30.568,-32.298,-33.665
128.0,-27.840,-31.715,-33.756,-36.315
129.0,-28.169,-31.411,-35.275,-36.580
130.0,-30.284,-33.207,-36.932,-38.760
131.0,-28.124,-32.635,-34.987,-36.534
132.0,-28.232,-32.337,-34.577,-36.720
133.0,-28.886,-33.688,-34.885,-37.423
134.0,-32.218,-37.203,-39.493,-40.609
135.0,-35.680,-40.175,-43.439,-44.046
136.0,-36.349,-41.580,-43.330,-44.901
137.0,-40.305,-44.570,-46.687,-48.752
138.0,-34.529,-39.232,-41.082,-42.985
139.0,-34.874,-39.381,-41.664,-43.381
140.0,-37.091,-41.492,-43.829,-45.567
141.0,-43.622,-47.322,-50.383,-52.086
142.0,-49.546,-51.743,-56.314,-58.017
143.0,-57.690,-59.080,-64.562,-66.134
144.0,-68.572,-66.854,-75.440,-76.863
145.0,-42.005,-47.991,-49.284,-51.407
146.0,-33.468,-37.979,-39.709,-42.172
147.0,-32.709,-37.284,-40.865,-41.067
148.0,-40.172,-45.087,-48.249,-48.531
149.0,-47.120,-51.418,-53.346,-55.544
150.0,-25.014,-29.298,-31.837,-33.379
151.0,-25.621,-30.280,-33.868,-34.030
152.0,-26.146,-30.542,-34.845,-34.504
153.0,-37.042,-42.022,-43.798,-45.447
154.0,-46.834,-52.317,-53.191,-55.247
155.0,-32.789,-36.602,-38.365,-41.477
156.0,-26.725,-31.773,-32.783,-35.571
157.0,-23.144,-27.169,-27.941,-31.900
158.0,-21.030,-26.559,-28.148,-29.478
159.0,-22.109,-27.899,-30.240,-30.532
160.0,-23.458,-28.213,-29.164,-31.869
161.0,-30.082,-34.233,-34.548,-38.646
162.0,-26.568,-30.383,-33.869,-34.931
163.0,-24.443,-28.577,-32.140,-32.837
164.0,-32.744,-37.143,-39.729,-41.191
165.0,-24.839,-30.178,-31.817,-33.249
166.0,-30.435,-34.941,-37.708,-38.826
167.0,-50.227,-55.306,-57.671,-58.556
168.0,-37.811,-41.727,-44.367,-46.260
169.0,-33.916,-40.252,-41.472,-42.300
170.0,-38.511,-44.403,-45.453,-46.923
171.0,-45.874,-50.299,-52.463,-54.400
172.0,-39.312,-43.482,-46.090,-47.776
173.0,-42.078,-46.232,-48.672,-50.508
174.0,-55.912,-54.776,-62.196,-64.375
175.0,-69.457,-68.367,-76.253,-77.740
176.0,-70.718,-68.064,-77.553,-78.927
177.0,-42.999,-48.448,-50.148,-51.489
178.0,-41.315,-46.024,-48.583,-49.779
179.0,-38.674,-43.827,-45.697,-47.111
180.0,-34.015,-39.468,-41.613,-42.463
181.0,-32.538,-37.746,-39.620,-41.024
182.0,-33.575,-38.250,-41.521,-41.972
183.0,-33.737,-38.301,-42.185,-42.121
184.0,-31.585,-35.952,-38.653,-40.118
185.0,-32.488,-37.757,-40.206,-40.896
186.0,-33.294,-37.903,-40.566,-41.717
187.0,-29.895,-34.586,-37.184,-38.364
188.0,-30.059,-33.737,-36.420,-38.515
189.0,-28.758,-32.634,-36.065,-37.146
190.0,-28.245,-32.091,-32.962,-36.902
191.0,-29.113,-33.080,-33.884,-37.686
192.0,-30.606,-35.642,-37.007,-39.021
193.0,-33.535,-37.554,-40.036,-42.041
194.0,-34.256,-37.547,-39.873,-42.736
195.0,-35.611,-39.530,-41.909,-44.071
196.0,-36.804,-40.625,-43.549,-45.275
197.0,-36.651,-41.635,-43.505,-45.132
198.0,-35.147,-40.196,-43.212,-43.544
199.0,-34.435,-40.606,-41.936,-42.779
200.0,-32.766,-38.045,-40.197,-41.133
201.0,-31.255,-35.108,-38.223,-39.733
202.0,-28.782,-34.112,-37.165,-37.128
203.0,-29.306,-34.846,-36.693,-37.676
204.0,-27.440,-30.846,-34.351,-35.913
205.0,-26.395,-31.336,-34.685,-34.766
206.0,-27.252,-32.366,-35.192,-35.704
207.0,-24.933,-30.484,-32.210,-33.407
208.0,-26.679,-30.193,-32.139,-35.154
209.0,-25.557,-30.762,-33.954,-33.921
210.0,-24.818,-30.192,-32.235,-33.282
211.0,-30.628,-35.595,-37.415,-39.086
212.0,-39.231,-41.321,-42.724,-47.742
213.0,-34.461,-37.992,-41.075,-42.904
214.0,-31.224,-36.454,-37.791,-39.667
215.0,-33.598,-37.494,-40.497,-42.015
216.0,-31.517,-35.806,-37.980,-39.978
217.0,-27.139,-32.238,-34.070,-35.558
218.0,-30.526,-33.773,-37.286,-38.972
219.0,-27.235,-32.238,-33.771,-35.696
220.0,-27.727,-31.850,-34.525,-36.155
221.0,-29.586,-33.612,-37.287,-37.969
222.0,-37.093,-41.083,-44.560,-45.534
223.0,-40.207,-43.850,-48.137,-48.591
224.0,-34.454,-38.225,-41.756,-42.870
225.0,-33.139,-34.678,-39.396,-41.657
226.0,-32.838,-36.983,-39.491,-41.287
227.0,-33.214,-36.676,-40.335,-41.628
228.0,-31.726,-33.316,-38.184,-40.258
229.0,-29.651,-33.530,-35.883,-38.098
230.0,-28.941,-32.777,-36.308,-37.379
231.0,-28.195,-30.629,-34.366,-36.700
232.0,-25.549,-29.848,-32.382,-34.013
233.0,-24.613,-29.375,-31.144,-33.050
234.0,-24.717,-31.362,-32.026,-33.105
235.0,-25.720,-30.840,-32.277,-34.163
236.0,-27.345,-30.857,-33.627,-35.796
237.0,-28.340,-32.171,-34.932,-36.825
238.0,-25.230,-30.745,-34.050,-33.586
239.0,-25.326,-31.311,-34.430,-33.673
240.0,-28.296,-32.535,-35.102,-36.742
241.0,-33.638,-37.289,-40.949,-42.067
242.0,-36.568,-38.783,-43.431,-45.016
243.0,-34.644,-38.633,-41.782,-43.084
244.0,-37.753,-41.184,-44.480,-46.220
245.0,-36.692,-42.147,-44.501,-45.076
246.0,-36.889,-40.495,-43.944,-45.347
247.0,-31.923,-37.058,-39.688,-40.333
248.0,-31.112,-35.927,-39.072,-39.497
249.0,-32.974,-37.229,-39.599,-41.384
250.0,-33.951,-39.048,-40.711,-42.407
251.0,-31.990,-38.344,-38.986,-40.399
252.0,-26.979,-32.889,-33.881,-35.414
253.0,-31.309,-35.542,-38.580,-39.699
254.0,-30.687,-36.406,-37.579,-39.124
255.0,-32.674,-38.055,-39.495,-41.083
256.0,-36.759,-40.946,-43.365,-45.200
257.0,-34.747,-39.311,-42.392,-43.271
258.0,-35.480,-41.042,-42.993,-43.920
259.0,-37.415,-41.113,-44.377,-45.816
260.0,-36.548,-41.429,-43.445,-44.995
261.0,-30.617,-36.573,-37.610,-39.025
262.0,-28.293,-33.841,-35.049,-36.732
263.0,-29.339,-33.308,-36.671,-37.713
264.0,-29.954,-34.497,-37.001,-38.397
265.0,-37.630,-41.498,-45.335,-46.084
266.0,-34.972,-39.262,-40.878,-43.420
267.0,-36.233,-39.749,-43.357,-44.663
268.0,-34.646,-38.910,-41.252,-43.054
269.0,-36.777,-39.554,-43.195,-45.214
270.0,-36.447,-39.815,-43.346,-44.825
271.0,-34.341,-37.106,-41.406,-42.807
272.0,-29.995,-34.107,-37.197,-38.473
273.0,-27.878,-32.091,-35.026,-36.306
274.0,-27.544,-32.252,-34.578,-36.043
275.0,-27.090,-32.137,-34.946,-35.490
276.0,-30.062,-33.356,-37.315,-38.494
277.0,-32.089,-35.466,-38.891,-40.543
278.0,-31.779,-35.208,-38.923,-40.211
279.0,-33.961,-37.756,-40.969,-42.393
280.0,-33.455,-36.369,-40.821,-41.856
281.0,-29.794,-33.022,-37.323,-38.166
282.0,-27.837,-32.284,-36.151,-36.197
283.0,-28.920,-33.338,-37.368,-37.272
284.0,-30.764,-34.278,-37.644,-39.197
285.0,-29.504,-33.920,-36.371,-37.948
286.0,-26.510,-31.017,-33.171,-34.943
287.0,-25.217,-30.463,-32.712,-33.610
288.0,-27.485,-31.938,-33.139,-35.932
289.0,-26.602,-29.785,-31.863,-35.117
290.0,-23.598,-28.246,-29.580,-32.083
291.0,-25.194,-29.602,-31.956,-33.609
292.0,-26.714,-30.634,-32.371,-35.199
293.0,-23.605,-28.422,-30.163,-32.043
294.0,-24.105,-27.446,-30.660,-32.604
295.0,-21.772,-26.249,-28.407,-30.163
296.0,-23.513,-28.231,-29.800,-32.828
297.0,-22.132,-26.504,-28.675,-30.621
298.0,-22.282,-26.482,-29.619,-30.706
299.0,-22.913,-27.155,-30.940,-31.276
300.0,-23.223,-27.231,-29.625,-31.680
301.0,-23.060,-27.337,-29.458,-31.534
302.0,-24.079,-28.245,-31.140,-32.527
303.0,-23.970,-28.694,-32.512,-32.304
304.0,-26.008,-29.351,-32.095,-34.491
305.0,-25.245,-29.368,-31.520,-33.663
306.0,-26.310,-29.860,-33.160,-34.741
307.0,-26.880,-31.511,-34.054,-35.305
308.0,-27.183,-31.252,-34.489,-35.637
309.0,-31.333,-34.792,-38.425,-39.774
310.0,-32.603,-37.454,-39.899,-41.054
311.0,-31.451,-36.956,-39.692,-39.813
312.0,-33.723,-37.302,-40.908,-42.173
313.0,-34.379,-37.393,-41.467,-42.843
314.0,-35.650,-40.040,-42.911,-44.092
315.0,-37.949,-41.899,-44.986,-46.422
316.0,-48.247,-53.724,-54.958,-56.726
317.0,-47.581,-50.813,-55.283,-56.015
318.0,-57.350,-59.386,-64.510,-65.847
319.0,-71.351,-68.924,-78.154,-79.541
320.0,-47.327,-52.714,-53.967,-55.780
321.0,-37.306,-39.318,-43.948,-45.844
322.0,-36.611,-38.559,-42.927,-45.065
323.0,-40.493,-46.252,-47.134,-48.941
324.0,-29.504,-33.278,-35.768,-37.964
325.0,-44.266,-45.663,-50.541,-52.734
326.0,-45.564,-49.749,-52.593,-53.986
327.0,-34.000,-39.927,-40.741,-42.420
328.0,-32.371,-37.519,-38.929,-40.824
329.0,-35.776,-36.460,-41.647,-44.349
330.0,-39.471,-40.445,-45.137,-47.968
331.0,-36.826,-40.801,-44.051,-45.255
332.0,-37.913,-39.731,-44.734,-46.358
333.0,-36.601,-39.053,-43.525,-45.072
334.0,-36.700,-40.307,-43.258,-45.186
335.0,-37.855,-43.030,-45.638,-46.269
336.0,-40.278,-45.510,-47.218,-48.750
337.0,-39.154,-43.385,-45.804,-47.669
338.0,-35.891,-39.478,-42.768,-44.270
339.0,-35.719,-36.658,-41.927,-44.225
340.0,-34.120,-37.938,-40.921,-42.575
341.0,-32.683,-34.912,-39.077,-41.184
342.0,-31.939,-35.950,-38.253,-40.384
343.0,-34.043,-38.216,-40.547,-42.515
344.0,-33.262,-36.492,-40.187,-41.632
345.0,-27.641,-33.101,-35.502,-35.966
346.0,-31.081,-35.184,-38.995,-39.454
347.0,-34.127,-36.530,-41.030,-42.648
348.0,-36.631,-39.018,-43.294,-45.113
349.0,-39.503,-41.770,-45.840,-47.955
350.0,-39.985,-42.371,-46.766,-48.484
351.0,-38.901,-42.842,-45.634,-47.348
352.0,-37.700,-40.226,-44.267,-46.208
353.0,-32.705,-35.639,-38.954,-41.206
354.0,-34.426,-37.361,-40.933,-42.931
355.0,-35.955,-39.661,-42.716,-44.458
356.0,-36.570,-40.877,-43.387,-45.066
357.0,-32.397,-34.963,-39.110,-40.899
358.0,-29.992,-33.533,-36.301,-38.497
359.0,-31.362,-34.352,-38.250,-39.770
360.0,-28.877,-34.614,-35.724,-37.317
361.0,-30.483,-35.823,-37.399,-38.942
362.0,-27.561,-33.601,-34.395,-35.965
363.0,-29.945,-32.753,-36.818,-38.354
364.0,-31.477,-35.676,-37.946,-39.997
365.0,-30.355,-34.611,-36.975,-38.822
366.0,-28.307,-33.770,-35.099,-36.790
367.0,-31.262,-35.254,-36.086,-39.733
368.0,-35.641,-39.171,-41.496,-44.156
369.0,-32.243,-35.878,-38.826,-40.784
370.0,-29.768,-35.783,-37.687,-38.144
371.0,-28.453,-33.504,-35.965,-36.879
372.0,-30.433,-35.509,-38.082,-38.797
373.0,-30.171,-33.765,-38.030,-38.522
374.0,-29.378,-34.811,-36.284,-37.824
375.0,-33.173,-35.775,-39.515,-41.661
376.0,-36.885,-40.723,-43.536,-45.376
377.0,-37.056,-39.449,-43.791,-45.525
378.0,-39.485,-42.588,-46.179,-47.937
379.0,-40.147,-42.459,-46.828,-48.614
380.0,-39.983,-46.508,-47.069,-48.462
381.0,-39.903,-45.930,-46.737,-48.403
382.0,-42.905,-47.655,-49.658,-51.394
383.0,-39.065,-42.900,-45.860,-47.576
384.0,-39.275,-43.290,-46.084,-47.779
385.0,-35.847,-39.771,-42.564,-44.333
386.0,-35.055,-38.709,-41.918,-43.509
387.0,-34.592,-39.281,-40.390,-43.086
388.0,-36.344,-40.612,-42.187,-44.828
389.0,-33.703,-38.318,-38.600,-42.348
390.0,-33.946,-37.894,-40.491,-42.409
391.0,-37.441,-42.323,-44.644,-45.887
392.0,-39.030,-42.559,-45.630,-47.519
393.0,-39.648,-44.129,-46.302,-48.142
394.0,-35.825,-40.396,-42.929,-44.365
395.0,-37.112,-41.290,-43.826,-45.589
396.0,-34.922,-39.712,-41.782,-43.403
397.0,-34.220,-38.021,-41.152,-42.719
398.0,-34.412,-39.113,-40.817,-42.901
399.0,-35.876,-39.946,-41.256,-44.338
400.0,-33.847,-37.924,-39.043,-42.403
401.0,-35.469,-39.637,-42.238,-43.934
402.0,-38.715,-44.077,-45.691,-47.149
403.0,-37.759,-42.084,-44.464,-46.256
404.0,-40.442,-44.652,-47.059,-48.921
405.0,-41.413,-45.785,-48.215,-49.897
406.0,-33.555,-37.985,-39.756,-41.988
407.0,-33.097,-37.669,-40.103,-41.693
408.0,-34.425,-38.462,-41.359,-42.957
409.0,-35.131,-40.199,-41.960,-43.711
410.0,-37.748,-41.367,-44.660,-46.215
411.0,-33.431,-38.776,-40.606,-41.849
412.0,-36.128,-41.040,-43.089,-44.580
413.0,-34.762,-37.621,-42.405,-43.133
414.0,-32.652,-37.836,-40.269,-41.046
415.0,-39.783,-43.597,-46.968,-48.236
416.0,-37.127,-41.136,-43.691,-45.580
417.0,-35.337,-40.394,-43.582,-43.759
418.0,-35.412,-39.705,-44.008,-43.758
419.0,-32.766,-38.261,-39.573,-41.210
420.0,-35.198,-39.405,-42.260,-43.618
421.0,-35.760,-39.462,-39.686,-44.390
422.0,-38.097,-40.439,-42.086,-46.576
423.0,-37.031,-41.760,-42.534,-45.603
424.0,-36.854,-41.136,-43.402,-45.371
425.0,-35.532,-40.316,-42.151,-44.056
426.0,-37.427,-42.148,-44.345,-45.894
427.0,-37.784,-43.323,-44.723,-46.255
428.0,-44.314,-48.171,-51.217,-52.770
429.0,-44.788,-49.847,-51.532,-53.295
430.0,-40.951,-44.813,-48.645,-49.483
431.0,-35.191,-38.993,-43.575,-43.491
432.0,-36.804,-39.338,-44.243,-45.175
433.0,-36.170,-41.602,-42.960,-44.587
434.0,-40.192,-45.142,-46.899,-48.689
435.0,-36.579,-40.850,-43.286,-45.022
436.0,-31.083,-36.159,-37.960,-39.514
437.0,-32.283,-37.190,-38.807,-40.760
438.0,-38.259,-41.347,-44.945,-46.766
439.0,-38.890,-44.291,-45.798,-47.409
440.0,-40.213,-42.634,-46.768,-48.729
441.0,-35.053,-37.027,-41.520,-43.560
442.0,-31.298,-36.292,-38.099,-39.723
443.0,-33.322,-38.294,-40.143,-41.764
444.0,-36.208,-41.643,-42.981,-44.718
445.0,-36.446,-42.219,-43.455,-44.928
446.0,-33.313,-36.136,-39.972,-41.825
447.0,-29.958,-34.603,-36.738,-38.377
448.0,-30.551,-35.129,-37.564,-38.953
449.0,-33.357,-36.398,-40.199,-41.799
450.0,-30.984,-35.435,-38.739,-39.360
451.0,-37.490,-42.366,-44.433,-45.915
452.0,-34.815,-38.814,-41.758,-43.221
453.0,-31.317,-37.732,-38.165,-39.712
454.0,-40.670,-46.509,-47.443,-49.119
455.0,-41.963,-47.329,-48.868,-50.435
456.0,-42.873,-48.017,-49.674,-51.328
457.0,-37.431,-40.045,-42.430,-45.907
458.0,-32.568,-37.504,-40.016,-41.225
459.0,-34.068,-38.308,-40.918,-42.632
460.0,-31.828,-35.597,-37.936,-40.606
461.0,-32.843,-35.839,-39.355,-41.272
462.0,-30.280,-35.946,-38.807,-38.617
463.0,-34.665,-38.452,-41.499,-43.167
464.0,-32.230,-36.667,-39.870,-41.012
465.0,-32.899,-37.231,-37.979,-41.534
466.0,-37.153,-41.234,-43.875,-45.669
467.0,-35.667,-39.679,-41.324,-44.236
468.0,-34.957,-38.100,-40.612,-43.364
469.0,-29.928,-34.405,-37.373,-38.604
470.0,-33.634,-37.433,-39.734,-42.296
471.0,-32.863,-37.732,-39.544,-41.346
472.0,-34.124,-36.391,-40.699,-42.505
473.0,-30.670,-35.776,-39.463,-39.003
474.0,-32.682,-36.922,-39.707,-41.232
475.0,-34.907,-38.645,-41.901,-43.571
476.0,-32.280,-36.257,-37.311,-40.860
477.0,-34.089,-39.013,-40.814,-42.570
478.0,-32.336,-37.331,-39.052,-40.801
479.0,-31.509,-35.034,-38.214,-39.981
480.0,-30.619,-34.566,-37.602,-39.308
481.0,-28.658,-34.093,-36.592,-37.041
482.0,-27.812,-34.047,-34.495,-36.250
483.0,-26.632,-31.953,-34.891,-34.975
484.0,-25.564,-29.846,-32.060,-34.297
485.0,-28.421,-32.612,-35.947,-37.065
486.0,-32.233,-36.170,-38.937,-40.672
487.0,-27.993,-34.486,-35.022,-36.437
488.0,-25.617,-30.876,-32.801,-34.234
489.0,-26.568,-31.343,-32.591,-35.006
490.0,-27.542,-31.679,-34.998,-36.047
491.0,-31.524,-35.870,-36.115,-40.212
492.0,-31.810,-35.814,-37.669,-40.420
493.0,-29.964,-35.498,-38.097,-38.323
494.0,-32.152,-37.395,-37.861,-40.694
495.0,-36.626,-41.023,-41.483,-45.198
496.0,-34.465,-38.750,-40.348,-43.012
497.0,-42.198,-45.055,-48.209,-50.746
498.0,-43.088,-47.545,-50.109,-51.527
499.0,-38.071,-41.855,-44.446,-46.589
500.0,-33.114,-36.901,-39.502,-41.602
501.0,-35.210,-38.735,-41.466,-43.732
502.0,-29.293,-34.008,-36.058,-37.732
503.0,-29.184,-34.016,-35.671,-37.621
504.0,-30.167,-35.019,-38.045,-38.490
505.0,-29.127,-36.009,-36.506,-37.481
506.0,-31.787,-34.939,-38.427,-40.248
507.0,-40.114,-42.865,-46.602,-48.604
508.0,-35.673,-40.168,-42.865,-44.094
509.0,-30.066,-34.662,-38.225,-38.408
510.0,-29.846,-35.790,-37.073,-38.228
511.0,-27.981,-32.698,-35.035,-36.476
512.0,-30.035,-33.433,-38.071,-38.396
513.0,-28.256,-32.858,-34.326,-36.739
514.0,-30.773,-35.170,-37.293,-39.267
515.0,-31.462,-33.922,-38.612,-39.859
516.0,-34.889,-39.799,-41.739,-43.319
517.0,-24.719,-29.834,-31.277,-33.225
518.0,-26.055,-30.956,-33.690,-34.471
519.0,-29.316,-32.854,-36.180,-37.787
520.0,-31.548,-35.897,-38.147,-40.102
521.0,-35.080,-39.155,-41.828,-43.566
522.0,-31.859,-35.993,-36.099,-40.519
523.0,-32.648,-35.623,-40.253,-41.032
524.0,-37.058,-40.242,-43.887,-45.498
525.0,-41.605,-45.409,-48.599,-50.072
526.0,-43.958,-48.097,-50.912,-52.418
527.0,-43.394,-45.446,-47.860,-51.926
528.0,-38.608,-40.907,-45.196,-47.058
529.0,-36.943,-41.075,-44.011,-45.373
530.0,-35.073,-39.310,-42.684,-43.478
531.0,-35.880,-40.617,-43.572,-44.298
532.0,-33.574,-37.610,-41.819,-41.936
533.0,-32.345,-35.739,-38.833,-40.804
534.0,-36.489,-40.075,-43.159,-44.969
535.0,-38.932,-43.142,-46.190,-47.367
536.0,-38.304,-43.047,-47.063,-46.660
537.0,-39.398,-42.305,-46.961,-47.783
538.0,-34.832,-40.288,-41.579,-43.245
539.0,-36.687,-38.998,-43.429,-45.115
540.0,-29.809,-34.113,-36.657,-38.211
541.0,-32.368,-36.416,-40.774,-40.711
542.0,-30.005,-34.161,-36.907,-38.430
543.0,-29.761,-33.651,-36.664,-38.153
544.0,-25.560,-31.189,-32.463,-33.984
545.0,-26.847,-31.481,-34.059,-35.226
546.0,-28.381,-31.789,-36.459,-36.710
547.0,-28.898,-31.050,-35.622,-37.313
548.0,-25.862,-30.350,-32.923,-34.263
549.0,-24.828,-29.288,-28.762,-33.463
550.0,-28.283,-32.842,-32.613,-36.857
551.0,-25.973,-31.075,-32.242,-34.403
552.0,-25.469,-29.382,-30.656,-33.913
553.0,-26.192,-29.314,-31.546,-34.633
554.0,-24.840,-29.187,-31.230,-33.275
555.0,-24.783,-29.385,-31.379,-33.307
556.0,-22.572,-26.033,-30.504,-30.959
557.0,-24.997,-28.077,-31.748,-33.384
558.0,-24.179,-27.610,-30.841,-32.636
559.0,-24.226,-28.392,-31.363,-32.640
560.0,-20.310,-25.271,-26.822,-28.785
561.0,-24.752,-27.689,-31.439,-33.178
562.0,-20.793,-24.835,-27.119,-29.237
563.0,-21.933,-24.487,-28.547,-30.419
564.0,-25.788,-29.446,-32.542,-34.262
565.0,-24.110,-28.174,-30.892,-32.621
566.0,-24.626,-27.567,-31.049,-32.972
567.0,-21.490,-27.212,-29.795,-29.817
568.0,-21.652,-27.122,-28.983,-30.069
569.0,-24.308,-28.186,-30.046,-32.863
570.0,-24.050,-27.876,-31.024,-32.408
571.0,-22.481,-27.583,-30.914,-30.803
572.0,-26.634,-30.607,-33.561,-35.100
573.0,-24.929,-28.539,-30.485,-33.393
574.0,-26.499,-30.161,-33.317,-34.936
575.0,-23.378,-26.885,-30.019,-31.761
576.0,-21.587,-26.704,-29.774,-29.918
577.0,-27.046,-31.281,-34.015,-35.530
578.0,-23.334,-28.874,-31.899,-31.682
579.0,-23.725,-27.878,-29.639,-32.293
580.0,-24.375,-27.934,-31.309,-32.681
581.0,-24.404,-27.982,-31.070,-32.843
582.0,-22.595,-27.887,-31.558,-30.896
583.0,-24.603,-27.882,-30.225,-33.074
584.0,-24.807,-29.092,-31.750,-33.223
585.0,-24.732,-28.086,-31.109,-33.484
586.0,-26.431,-30.126,-32.525,-34.969
587.0,-26.428,-28.883,-32.215,-34.721
588.0,-24.361,-27.188,-30.615,-32.688
589.0,-25.157,-29.452,-32.723,-33.614
590.0,-24.742,-29.474,-31.758,-33.174
591.0,-25.673,-29.719,-31.658,-34.347
592.0,-27.095,-31.102,-33.259,-35.582
593.0,-27.024,-30.468,-32.950,-35.647
594.0,-27.280,-31.304,-34.309,-35.672
595.0,-25.556,-29.759,-32.614,-34.141
596.0,-22.031,-27.298,-31.229,-30.385
597.0,-26.601,-30.429,-34.059,-35.014
598.0,-24.063,-29.228,-32.281,-32.434
599.0,-24.585,-29.299,-31.275,-33.069
600.0,-26.427,-29.758,-33.091,-34.851
601.0,-25.375,-30.107,-31.547,-33.899
602.0,-26.684,-31.062,-32.166,-35.137
603.0,-26.188,-29.506,-31.847,-34.680
604.0,-27.648,-32.171,-34.819,-36.082
605.0,-25.907,-29.745,-31.254,-34.458
606.0,-23.149,-28.968,-30.707,-31.519
607.0,-24.062,-29.664,-31.644,-32.469
608.0,-24.531,-28.656,-31.280,-32.848
609.0,-24.837,-29.023,-31.741,-33.286
610.0,-23.512,-26.760,-30.636,-31.760
611.0,-20.601,-26.374,-28.003,-28.993
612.0,-20.100,-25.685,-27.951,-28.432
613.0,-23.224,-27.823,-30.093,-31.706
614.0,-22.260,-26.815,-29.055,-30.689
615.0,-20.066,-26.296,-28.725,-28.415
616.0,-23.044,-27.136,-29.317,-31.339
617.0,-22.575,-27.287,-28.833,-31.044
618.0,-25.312,-29.306,-31.064,-33.682
619.0,-24.499,-28.839,-31.221,-32.839
620.0,-25.381,-29.839,-32.906,-33.736
621.0,-26.517,-30.761,-30.904,-35.148
622.0,-29.100,-32.314,-35.101,-37.575
623.0,-37.448,-39.592,-42.852,-46.054
624.0,-28.494,-32.402,-35.290,-37.016
625.0,-30.648,-32.716,-35.961,-39.144
626.0,-36.102,-39.826,-41.262,-44.643
627.0,-40.192,-44.501,-46.785,-48.679
628.0,-43.102,-46.761,-49.878,-51.583
629.0,-50.194,-53.078,-56.980,-58.651
630.0,-53.195,-58.096,-59.778,-61.667
631.0,-36.726,-36.321,-42.572,-45.293
632.0,-32.892,-34.243,-38.913,-41.401
633.0,-37.846,-40.672,-44.250,-46.311
634.0,-53.222,-56.068,-60.750,-61.704
635.0,-37.260,-42.814,-43.849,-45.792
636.0,-36.874,-41.433,-43.408,-45.396
637.0,-45.618,-50.531,-53.035,-54.065
638.0,-51.492,-55.436,-58.436,-59.881
639.0,-36.894,-39.814,-43.345,-45.288
640.0,-34.313,-37.704,-41.098,-42.779
641.0,-31.683,-35.681,-38.424,-40.173
642.0,-30.608,-35.421,-37.120,-39.110
643.0,-32.190,-36.532,-38.750,-40.674
644.0,-30.083,-34.224,-37.605,-38.513
645.0,-32.775,-37.388,-39.992,-41.261
646.0,-36.711,-39.891,-43.627,-45.177
647.0,-36.980,-40.947,-43.779,-45.433
648.0,-37.040,-41.840,-44.542,-45.456
649.0,-32.938,-37.293,-40.762,-41.322
650.0,-29.877,-37.208,-39.557,-38.150
651.0,-38.525,-45.349,-48.796,-46.921
652.0,-55.233,-55.597,-61.627,-63.857
653.0,-61.499,-66.406,-71.865,-69.873
654.0,-70.560,-68.370,-77.474,-78.849
655.0,-72.206,-69.352,-79.020,-80.438
656.0,-53.845,-53.563,-52.792,-62.640
657.0,-38.676,-41.510,-43.015,-47.266
658.0,-37.674,-42.469,-43.696,-46.122
659.0,-33.189,-38.649,-38.934,-41.732
660.0,-37.288,-42.208,-43.214,-45.725
661.0,-35.426,-39.640,-42.742,-43.855
662.0,-31.806,-35.382,-38.250,-40.286
663.0,-28.570,-33.831,-36.232,-36.936
664.0,-28.568,-33.777,-35.691,-36.954
665.0,-33.927,-36.702,-40.376,-42.360
666.0,-29.156,-33.254,-36.097,-37.620
667.0,-30.254,-35.642,-37.529,-38.704
668.0,-32.612,-36.731,-39.336,-41.068
669.0,-35.908,-39.528,-42.655,-44.377
670.0,-31.883,-35.980,-39.049,-40.353
671.0,-29.638,-34.201,-36.805,-38.143
672.0,-24.619,-28.933,-30.931,-33.096
673.0,-30.006,-34.324,-36.107,-38.470
674.0,-31.983,-35.607,-38.858,-40.445
675.0,-30.396,-35.423,-37.000,-38.848
676.0,-27.449,-32.177,-34.841,-35.858
677.0,-26.959,-31.832,-34.972,-35.364
678.0,-25.143,-30.032,-32.966,-33.520
679.0,-27.227,-31.158,-34.427,-35.650
680.0,-25.714,-30.822,-32.617,-34.138
681.0,-24.926,-28.768,-30.339,-33.418
682.0,-25.012,-29.700,-31.488,-33.484
683.0,-24.625,-29.567,-31.476,-33.084
684.0,-22.741,-27.712,-29.708,-31.171
685.0,-21.481,-26.541,-28.500,-29.948
686.0,-23.637,-27.945,-30.505,-32.106
687.0,-28.470,-33.638,-35.917,-36.874
688.0,-30.981,-35.624,-38.345,-39.390
689.0,-30.180,-35.339,-37.636,-38.541
690.0,-28.488,-32.896,-34.424,-36.916
691.0,-25.361,-30.405,-31.119,-33.895
692.0,-24.349,-29.736,-31.062,-32.816
693.0,-27.447,-32.803,-34.113,-35.866
694.0,-27.645,-31.580,-33.357,-36.136
695.0,-22.827,-27.681,-29.900,-31.263
696.0,-21.070,-25.803,-27.940,-29.469
697.0,-21.135,-25.460,-27.991,-29.536
698.0,-21.195,-25.663,-28.218,-29.634
699.0,-19.965,-24.975,-27.661,-28.346
700.0,-20.097,-25.070,-28.320,-28.439
701.0,-20.429,-25.682,-27.290,-28.879
702.0,-20.417,-24.512,-26.698,-29.161
703.0,-20.660,-25.308,-27.565,-29.029
704.0,-17.996,-23.302,-25.000,-26.440
705.0,-20.490,-25.492,-27.468,-28.928
706.0,-17.851,-23.088,-24.565,-26.274
707.0,-18.172,-22.542,-24.953,-26.611
708.0,-17.775,-22.013,-24.363,-26.195
709.0,-20.546,-24.303,-27.100,-28.993
710.0,-19.491,-24.836,-25.717,-27.951
711.0,-23.978,-27.103,-30.240,-32.463
712.0,-28.470,-31.080,-34.719,-36.985
713.0,-27.939,-32.194,-34.505,-36.463
714.0,-26.200,-32.536,-35.321,-34.470
715.0,-29.014,-32.271,-36.197,-37.300
716.0,-32.078,-35.132,-39.160,-40.495
717.0,-32.770,-36.448,-39.960,-41.248
718.0,-27.323,-33.077,-36.905,-35.645
719.0,-31.222,-36.593,-38.286,-39.612
720.0,-28.489,-37.492,-36.222,-36.778
721.0,-32.908,-39.758,-40.301,-41.256
722.0,-31.462,-36.492,-37.546,-39.929
723.0,-32.370,-36.078,-38.364,-40.850
724.0,-31.217,-35.842,-38.299,-39.681
725.0,-31.049,-36.281,-38.459,-39.477
726.0,-27.686,-34.241,-34.476,-36.080
727.0,-30.546,-35.341,-36.665,-39.004
728.0,-30.828,-35.403,-39.300,-39.092
729.0,-33.581,-37.620,-41.527,-41.906
730.0,-31.782,-37.763,-38.143,-40.134
731.0,-34.382,-39.886,-41.425,-42.733
732.0,-39.413,-41.030,-44.706,-47.886
733.0,-34.536,-39.324,-39.971,-43.036
734.0,-36.340,-39.576,-42.171,-44.726
735.0,-32.019,-36.899,-38.867,-40.464
736.0,-34.365,-39.474,-42.191,-42.735
737.0,-31.556,-36.705,-39.369,-39.928
738.0,-30.610,-36.475,-38.245,-38.969
739.0,-30.051,-35.480,-36.664,-38.464
740.0,-30.087,-35.106,-36.768,-38.538
741.0,-27.669,-33.351,-35.464,-36.049
742.0,-29.999,-33.076,-34.658,-38.612
743.0,-28.604,-32.324,-34.116,-37.143
744.0,-29.572,-34.675,-36.884,-37.936
745.0,-28.182,-31.944,-35.133,-36.603
746.0,-23.440,-28.847,-31.410,-31.814
747.0,-27.937,-33.459,-35.214,-36.313
748.0,-30.390,-35.796,-37.082,-38.800
749.0,-32.949,-37.315,-39.713,-41.385
750.0,-35.917,-40.490,-42.541,-44.369
751.0,-32.909,-38.207,-39.592,-41.381
752.0,-35.536,-40.730,-43.080,-43.938
753.0,-32.207,-37.129,-39.314,-40.576
754.0,-31.378,-34.866,-38.468,-39.790
755.0,-34.715,-38.890,-41.247,-43.184
756.0,-32.824,-36.907,-39.618,-41.263
757.0,-29.868,-34.284,-36.899,-38.306
758.0,-31.876,-35.930,-38.838,-40.355
759.0,-33.197,-37.711,-38.404,-41.793
760.0,-30.929,-35.965,-38.776,-39.510
761.0,-31.315,-35.832,-36.576,-39.849
762.0,-34.836,-38.534,-40.945,-43.463
763.0,-34.767,-39.123,-42.346,-43.074
764.0,-30.810,-34.958,-37.891,-39.244
765.0,-28.884,-33.888,-35.184,-37.290
766.0,-26.913,-31.533,-34.250,-35.330
767.0,-26.308,-32.276,-33.674,-34.688
768.0,-28.861,-32.192,-35.699,-37.355
769.0,-25.388,-30.278,-32.328,-33.808
770.0,-26.045,-30.961,-32.786,-34.493
771.0,-24.092,-29.667,-31.004,-32.505
772.0,-23.220,-28.481,-30.314,-31.657
773.0,-23.767,-28.708,-30.829,-32.189
774.0,-23.940,-28.502,-29.940,-32.344
775.0,-25.767,-29.634,-30.777,-34.297
776.0,-26.071,-30.575,-32.824,-34.507
777.0,-26.428,-30.318,-32.949,-34.932
778.0,-25.587,-29.684,-32.904,-34.004
779.0,-24.666,-31.716,-32.132,-32.994
780.0,-26.050,-30.849,-32.851,-34.501
781.0,-28.591,-33.407,-35.379,-37.068
782.0,-26.213,-30.808,-33.392,-34.655
783.0,-28.969,-33.382,-36.531,-37.352
784.0,-27.445,-32.897,-34.713,-35.872
785.0,-26.830,-31.219,-33.866,-35.279
786.0,-30.372,-34.448,-37.679,-38.779
787.0,-27.146,-32.373,-34.009,-35.571
788.0,-25.642,-30.388,-32.410,-34.101
789.0,-28.926,-32.905,-35.494,-37.443
790.0,-25.726,-30.252,-32.948,-34.376
791.0,-25.182,-29.715,-32.944,-33.571
792.0,-25.859,-31.139,-33.026,-34.242
793.0,-25.319,-29.064,-31.482,-33.825
794.0,-26.846,-29.879,-32.652,-35.297
795.0,-23.367,-28.850,-31.157,-31.742
796.0,-23.227,-27.116,-29.452,-31.665
797.0,-21.214,-26.397,-28.454,-29.559
798.0,-22.617,-27.029,-27.884,-31.180
799.0,-20.494,-25.410,-27.126,-29.252
800.0,-21.434,-25.716,-28.026,-29.935
801.0,-20.408,-25.042,-27.634,-28.882
802.0,-19.515,-24.874,-26.933,-27.833
803.0,-21.038,-25.757,-27.915,-29.447
804.0,-21.695,-26.368,-27.875,-30.133
805.0,-24.903,-29.116,-31.235,-33.365
806.0,-26.930,-32.038,-35.223,-35.275
807.0,-26.579,-31.852,-33.570,-35.021
808.0,-23.824,-29.177,-32.724,-32.159
809.0,-23.036,-28.433,-29.880,-31.490
810.0,-21.450,-26.669,-28.280,-29.901
811.0,-21.880,-27.516,-28.773,-30.345
812.0,-24.166,-29.802,-31.021,-32.618
813.0,-27.641,-31.576,-34.420,-36.127
814.0,-25.488,-30.409,-32.243,-33.960
815.0,-27.814,-32.092,-34.395,-36.269
816.0,-26.536,-30.715,-33.073,-35.033
817.0,-30.285,-33.167,-37.070,-38.792
818.0,-33.389,-35.604,-40.018,-41.877
819.0,-33.186,-38.545,-39.753,-41.639
820.0,-35.414,-40.679,-42.134,-43.821
821.0,-46.277,-51.251,-52.855,-54.766
822.0,-40.576,-45.816,-47.403,-49.007
823.0,-44.387,-48.476,-51.408,-52.828
824.0,-40.115,-46.021,-47.642,-48.540
825.0,-41.207,-47.871,-49.254,-49.562
826.0,-38.133,-43.292,-46.187,-46.552
827.0,-35.241,-39.087,-42.321,-43.675
828.0,-34.742,-40.326,-40.392,-43.269
829.0,-35.389,-40.425,-40.813,-43.979
830.0,-34.207,-39.354,-42.377,-42.609
831.0,-34.925,-42.588,-42.578,-43.278
832.0,-35.460,-38.493,-43.195,-43.869
833.0,-33.966,-38.650,-42.654,-42.324
834.0,-33.638,-36.894,-40.586,-42.073
835.0,-28.361,-32.901,-35.474,-36.761
836.0,-26.116,-31.034,-33.529,-34.504
837.0,-25.951,-30.557,-32.138,-34.448
838.0,-28.582,-32.020,-35.945,-37.087
839.0,-27.339,-31.236,-34.054,-35.768
840.0,-29.416,-33.923,-36.956,-37.858
841.0,-29.011,-33.918,-37.955,-37.354
842.0,-32.683,-36.600,-40.473,-41.091
843.0,-35.777,-40.061,-44.080,-44.234
844.0,-37.825,-42.348,-45.715,-46.280
845.0,-39.518,-44.086,-47.403,-47.922
846.0,-39.309,-44.854,-47.333,-47.714
847.0,-38.533,-44.074,-45.525,-46.987
848.0,-36.315,-43.621,-43.807,-44.676
849.0,-36.713,-42.496,-43.583,-45.115
850.0,-37.918,-42.507,-44.296,-46.359
851.0,-41.196,-44.309,-47.752,-49.676
852.0,-42.059,-45.219,-48.847,-50.542
853.0,-34.179,-38.411,-41.848,-42.594
854.0,-35.696,-39.626,-42.620,-44.152
855.0,-33.197,-36.881,-39.563,-41.711
856.0,-36.540,-40.414,-43.368,-45.013
857.0,-36.758,-41.345,-44.108,-45.170
858.0,-32.472,-37.482,-39.010,-40.904
859.0,-32.724,-36.888,-39.625,-41.176
860.0,-31.061,-35.799,-37.861,-39.548
861.0,-33.863,-37.687,-40.829,-42.306
862.0,-27.208,-31.824,-33.931,-35.643
863.0,-30.615,-35.588,-37.631,-39.042
864.0,-26.254,-30.892,-32.848,-34.718
865.0,-23.860,-28.695,-31.073,-32.279
866.0,-24.033,-28.029,-29.912,-32.482
867.0,-26.446,-30.561,-33.009,-34.903
868.0,-30.622,-34.944,-37.302,-39.080
869.0,-29.674,-34.176,-36.485,-38.108
870.0,-32.265,-37.116,-38.875,-40.743
871.0,-27.424,-31.541,-34.599,-35.808
872.0,-25.616,-30.876,-33.528,-34.002
873.0,-27.140,-31.365,-33.851,-35.589
874.0,-28.819,-33.621,-37.618,-37.152
875.0,-32.260,-36.523,-39.024,-40.651
876.0,-28.496,-34.677,-36.008,-36.851
877.0,-30.854,-35.321,-37.258,-39.311
878.0,-27.978,-32.919,-34.677,-36.444
879.0,-29.187,-33.773,-35.974,-37.645
880.0,-26.397,-31.205,-33.274,-34.859
881.0,-28.297,-32.118,-35.158,-36.742
882.0,-28.050,-31.408,-35.233,-36.443
883.0,-25.525,-30.345,-32.749,-33.975
884.0,-23.555,-28.834,-30.570,-31.977
885.0,-24.337,-29.062,-31.089,-32.760
886.0,-22.397,-27.008,-29.310,-30.818
887.0,-21.338,-26.229,-28.001,-29.767
888.0,-22.800,-26.862,-28.820,-31.279
889.0,-21.872,-26.938,-28.680,-30.235
890.0,-23.915,-27.694,-30.715,-32.430
891.0,-22.340,-26.844,-29.563,-30.733
892.0,-23.047,-27.981,-30.885,-31.446
893.0,-22.176,-26.988,-29.267,-30.611
894.0,-21.258,-25.315,-26.811,-29.772
895.0,-21.555,-25.528,-27.947,-30.015
896.0,-22.407,-27.425,-29.349,-30.847
897.0,-23.753,-28.753,-31.079,-32.148
898.0,-28.084,-32.106,-34.572,-36.549
899.0,-26.600,-31.391,-33.141,-35.057
900.0,-27.723,-31.821,-34.060,-36.186
901.0,-22.727,-28.707,-29.392,-31.168
902.0,-26.304,-32.231,-33.502,-34.649
903.0,-29.622,-34.061,-36.409,-38.033
904.0,-27.773,-31.922,-34.652,-36.210
905.0,-21.154,-25.788,-28.146,-29.592
906.0,-21.004,-25.303,-27.596,-29.466
907.0,-25.196,-29.831,-31.514,-33.609
908.0,-27.354,-32.624,-34.240,-35.758
909.0,-24.574,-29.339,-30.974,-33.193
910.0,-23.864,-28.923,-31.671,-32.136
911.0,-25.446,-30.120,-31.941,-33.927
912.0,-31.768,-34.700,-37.012,-40.227
913.0,-28.331,-33.148,-35.531,-36.729
914.0,-30.441,-34.457,-37.383,-38.893
915.0,-28.650,-33.032,-35.169,-37.143
916.0,-32.087,-36.618,-38.900,-40.530
917.0,-28.251,-32.913,-34.343,-36.712
918.0,-24.679,-29.806,-31.448,-33.149
919.0,-26.608,-31.764,-32.861,-35.067
920.0,-22.576,-27.505,-29.175,-31.073
921.0,-23.941,-28.066,-30.212,-32.461
922.0,-21.743,-26.882,-28.252,-30.222
923.0,-22.763,-27.331,-29.269,-31.192
924.0,-22.669,-27.356,-29.509,-31.117
925.0,-22.622,-26.983,-28.457,-31.078
926.0,-22.435,-26.986,-29.447,-30.876
927.0,-20.999,-25.294,-27.629,-29.517
928.0,-19.295,-24.030,-26.169,-27.760
929.0,-18.662,-23.328,-25.156,-27.114
930.0,-19.316,-23.667,-26.006,-27.765
931.0,-17.805,-22.524,-24.384,-26.252
932.0,-18.397,-22.187,-25.260,-26.862
933.0,-19.391,-23.822,-26.616,-28.116
934.0,-19.918,-24.081,-26.495,-28.374
935.0,-17.536,-22.479,-24.271,-25.985
936.0,-18.469,-22.510,-24.697,-26.930
937.0,-17.976,-21.928,-24.873,-26.414
938.0,-17.903,-22.303,-24.409,-26.365
939.0,-18.052,-23.275,-25.481,-26.459
940.0,-17.498,-22.360,-24.900,-25.901
941.0,-17.702,-22.223,-24.465,-26.103
942.0,-16.806,-21.016,-23.381,-25.263
943.0,-16.932,-22.161,-24.571,-25.312
944.0,-16.330,-20.984,-22.854,-24.739
945.0,-16.495,-22.106,-23.250,-24.980
946.0,-16.351,-21.283,-23.809,-24.723
947.0,-16.414,-21.703,-23.274,-24.900
948.0,-18.581,-22.370,-24.409,-27.209
949.0,-19.939,-24.925,-27.344,-28.343
950.0,-22.788,-26.846,-30.218,-31.476
951.0,-37.928,-40.027,-44.858,-46.456
952.0,-41.335,-46.283,-49.239,-49.699
953.0,-60.823,-63.863,-68.223,-69.209
954.0,-24.640,-29.934,-31.320,-33.145
955.0,-21.725,-26.953,-28.720,-30.191
956.0,-21.799,-26.975,-29.036,-30.223
957.0,-23.722,-29.132,-31.065,-32.109
958.0,-24.918,-29.949,-31.823,-33.328
959.0,-25.216,-29.648,-31.977,-33.701
960.0,-24.669,-29.005,-31.282,-33.082
961.0,-25.254,-29.255,-31.983,-33.685
962.0,-27.607,-31.529,-34.517,-36.043
963.0,-27.756,-31.637,-34.517,-36.193
964.0,-28.857,-32.768,-35.715,-37.312
965.0,-30.557,-34.808,-37.410,-39.029
966.0,-31.965,-36.012,-38.825,-40.435
967.0,-36.466,-41.800,-43.194,-44.984
968.0,-31.440,-36.492,-38.835,-39.853
969.0,-26.194,-31.430,-33.519,-34.616
970.0,-30.736,-36.121,-38.082,-39.122
971.0,-32.332,-37.231,-39.122,-40.759
972.0,-29.102,-34.246,-35.520,-37.551
973.0,-31.949,-36.713,-38.555,-40.445
974.0,-32.603,-37.362,-39.312,-41.058
975.0,-31.917,-35.918,-38.703,-40.343
976.0,-27.218,-31.316,-33.879,-35.635
977.0,-26.947,-30.528,-33.671,-35.373
978.0,-28.574,-32.722,-35.397,-37.087
979.0,-28.997,-34.247,-35.859,-37.435
980.0,-31.937,-35.683,-37.543,-40.495
981.0,-34.735,-38.116,-41.310,-43.228
982.0,-35.483,-38.636,-41.765,-43.948
983.0,-29.004,-33.351,-35.871,-37.413
984.0,-29.572,-33.754,-36.212,-38.008
985.0,-34.204,-37.765,-40.993,-42.646
986.0,-36.820,-41.267,-44.245,-45.227
987.0,-32.695,-38.148,-41.361,-41.019
988.0,-33.468,-37.897,-40.890,-41.805
989.0,-34.684,-38.630,-42.496,-43.078
990.0,-32.508,-36.766,-38.968,-40.979
991.0,-29.508,-33.412,-36.285,-37.930
992.0,-32.934,-36.427,-39.917,-41.375
993.0,-32.925,-39.225,-41.769,-41.228
994.0,-37.174,-41.652,-44.737,-45.535
995.0,-36.006,-40.589,-42.695,-44.461
996.0,-37.551,-41.446,-44.136,-46.026
997.0,-40.822,-44.484,-48.059,-49.223
998.0,-37.341,-43.384,-46.598,-45.672
999.0,-36.253,-39.982,-42.299,-45.076
1000.0,-35.207,-41.045,-43.915,-43.555
1001.0,-36.667,-41.292,-43.286,-45.306
1002.0,-33.010,-38.595,-42.602,-41.334
1003.0,-33.368,-38.204,-40.077,-41.795
1004.0,-34.460,-39.022,-41.517,-42.882
1005.0,-29.022,-35.277,-35.917,-37.421
1006.0,-33.231,-36.566,-41.061,-41.631
1007.0,-32.183,-37.108,-38.531,-40.644
1008.0,-30.902,-35.969,-37.445,-39.337
1009.0,-32.908,-38.544,-41.302,-41.284
1010.0,-34.897,-39.368,-42.071,-43.341
1011.0,-32.212,-36.701,-39.579,-40.608
1012.0,-30.122,-36.629,-39.756,-38.440
1013.0,-31.761,-36.964,-38.403,-40.198
1014.0,-29.387,-35.441,-36.246,-37.799
1015.0,-32.615,-37.360,-39.515,-41.033
1016.0,-32.140,-36.738,-38.838,-40.586
1017.0,-30.930,-36.187,-37.739,-39.380
1018.0,-31.781,-36.524,-39.281,-40.201
1019.0,-28.912,-34.555,-36.811,-37.306
1020.0,-30.705,-35.220,-37.869,-39.141
1021.0,-37.395,-41.436,-44.074,-45.943
1022.0,-38.853,-44.091,-47.981,-47.205
1023.0,-35.159,-39.672,-42.261,-43.559
1024.0,-35.516,-39.128,-40.586,-43.940
1025.0,-32.585,-37.374,-39.692,-40.954
1026.0,-34.854,-39.614,-41.648,-43.317
1027.0,-36.598,-40.336,-42.745,-45.073
1028.0,-34.814,-40.004,-41.654,-43.242
1029.0,-33.196,-39.000,-40.133,-41.600
1030.0,-32.006,-37.770,-38.936,-40.456
1031.0,-32.919,-37.964,-40.032,-41.362
1032.0,-31.850,-35.450,-37.209,-40.258
1033.0,-28.777,-33.563,-36.063,-37.126
1034.0,-30.831,-34.956,-37.882,-39.289
1035.0,-30.996,-34.782,-37.352,-39.458
1036.0,-28.998,-33.318,-35.605,-37.477
1037.0,-27.563,-32.238,-34.170,-35.985
1038.0,-26.261,-31.159,-32.997,-34.704
1039.0,-25.628,-31.402,-33.392,-33.963
1040.0,-24.231,-29.868,-31.230,-32.684
1041.0,-25.037,-29.498,-31.052,-33.523
1042.0,-24.375,-28.266,-30.811,-32.744
1043.0,-23.257,-28.904,-30.275,-31.632
1044.0,-21.711,-26.902,-28.905,-30.126
1045.0,-23.124,-27.737,-29.237,-31.597
1046.0,-20.237,-25.561,-28.119,-28.640
1047.0,-21.247,-25.674,-27.918,-29.672
1048.0,-19.358,-24.648,-26.760,-27.780
1049.0,-20.661,-25.587,-28.217,-29.088
1050.0,-21.540,-25.111,-27.814,-29.954
1051.0,-20.510,-25.183,-26.474,-28.966
1052.0,-20.487,-25.296,-27.368,-28.903
1053.0,-19.668,-24.976,-27.242,-28.083
1054.0,-21.053,-24.964,-28.638,-29.480
1055.0,-20.014,-25.201,-26.815,-28.436
1056.0,-21.097,-25.575,-27.419,-29.585
1057.0,-19.280,-24.476,-26.425,-27.641
1058.0,-20.940,-24.905,-27.534,-29.418
1059.0,-20.769,-25.319,-26.915,-29.272
1060.0,-19.723,-24.803,-27.136,-28.126
1061.0,-21.047,-25.463,-27.810,-29.465
1062.0,-20.864,-25.480,-27.747,-29.323
1063.0,-20.629,-26.736,-28.452,-28.951
1064.0,-20.830,-24.962,-27.799,-29.245
1065.0,-19.039,-24.490,-25.996,-27.450
1066.0,-20.139,-24.403,-26.987,-28.594
1067.0,-19.483,-24.073,-25.746,-27.973
1068.0,-21.110,-25.214,-27.349,-29.571
1069.0,-20.714,-26.358,-27.693,-29.100
1070.0,-21.467,-26.418,-28.335,-29.929
1071.0,-21.515,-26.165,-28.151,-29.959
1072.0,-20.792,-25.221,-26.783,-29.315
1073.0,-21.895,-26.325,-29.002,-30.387
1074.0,-20.690,-25.228,-27.155,-29.161
1075.0,-21.903,-26.983,-28.532,-30.365
1076.0,-23.628,-28.489,-31.240,-32.021
1077.0,-25.238,-30.337,-32.778,-33.586
1078.0,-27.411,-31.970,-34.091,-35.890
1079.0,-25.150,-29.329,-32.341,-33.657
1080.0,-25.782,-29.680,-31.081,-34.293
1081.0,-23.703,-27.951,-28.783,-32.161
1082.0,-20.075,-25.536,-27.416,-28.466
1083.0,-27.930,-31.829,-34.651,-36.408
1084.0,-23.122,-27.940,-30.163,-31.538
1085.0,-22.451,-26.427,-28.892,-30.912
1086.0,-21.016,-25.918,-28.391,-29.412
1087.0,-20.812,-24.978,-27.787,-29.248
1088.0,-24.651,-28.171,-31.971,-33.061
1089.0,-35.744,-39.516,-42.488,-44.148
1090.0,-27.139,-32.147,-35.117,-35.528
1091.0,-27.448,-31.870,-33.346,-35.916
1092.0,-25.205,-28.234,-31.910,-33.706
1093.0,-21.451,-26.069,-27.225,-30.014
1094.0,-18.585,-23.849,-25.916,-27.029
1095.0,-19.934,-24.750,-27.501,-28.288
1096.0,-17.885,-23.219,-24.591,-26.265
1097.0,-21.692,-25.751,-27.872,-30.159
1098.0,-19.197,-24.072,-24.921,-27.715
1099.0,-20.852,-25.361,-27.728,-29.293
1100.0,-21.591,-24.995,-27.740,-30.009
1101.0,-21.290,-26.135,-28.343,-29.735
1102.0,-22.664,-27.810,-30.894,-31.014
1103.0,-28.070,-32.446,-35.000,-36.476
1104.0,-31.396,-36.778,-39.673,-39.754
1105.0,-33.943,-38.495,-41.375,-42.319
1106.0,-33.723,-38.453,-40.805,-42.122
1107.0,-34.940,-38.900,-41.509,-43.378
1108.0,-31.334,-35.074,-37.814,-39.809
1109.0,-29.499,-32.707,-37.230,-37.870
1110.0,-25.486,-29.607,-31.959,-33.929
1111.0,-24.158,-28.528,-30.097,-32.674
1112.0,-22.988,-27.124,-28.794,-31.494
1113.0,-26.901,-31.135,-33.424,-35.376
1114.0,-21.736,-25.641,-26.646,-30.224
1115.0,-21.098,-25.426,-27.181,-29.463
1116.0,-21.299,-26.657,-28.317,-29.652
1117.0,-21.114,-26.524,-29.372,-29.443
1118.0,-22.847,-26.619,-28.605,-31.232
1119.0,-19.765,-24.875,-27.033,-28.192
1120.0,-20.038,-24.265,-27.018,-28.491
1121.0,-19.457,-24.663,-26.674,-27.893
1122.0,-20.507,-24.718,-27.769,-28.967
1123.0,-17.984,-22.936,-25.512,-26.386
1124.0,-19.140,-23.382,-25.730,-27.608
1125.0,-19.685,-22.936,-25.645,-28.104
1126.0,-22.076,-25.332,-29.009,-30.461
1127.0,-17.863,-23.167,-25.473,-26.235
1128.0,-18.636,-23.044,-25.466,-27.021
1129.0,-19.646,-23.913,-25.861,-28.090
1130.0,-18.592,-23.767,-25.627,-26.963
1131.0,-20.083,-23.494,-26.663,-28.487
1132.0,-18.944,-23.718,-25.290,-27.374
1133.0,-18.669,-22.720,-25.885,-27.077
1134.0,-19.323,-23.004,-26.354,-27.710
1135.0,-20.264,-24.209,-26.924,-28.679
1136.0,-17.170,-22.273,-24.366,-25.576
1137.0,-18.870,-23.152,-25.282,-27.269
1138.0,-21.245,-25.313,-26.543,-29.582
1139.0,-33.252,-38.611,-40.334,-41.779
1140.0,-21.868,-27.377,-29.086,-30.100
1141.0,-31.756,-38.979,-39.193,-40.243
1142.0,-23.989,-29.154,-31.696,-32.311
1143.0,-22.077,-26.777,-29.103,-30.416
1144.0,-28.486,-33.821,-35.157,-36.978
1145.0,-31.296,-37.457,-38.719,-39.759
1146.0,-34.280,-40.867,-42.333,-42.701
1147.0,-41.430,-46.873,-48.274,-49.890
