t_start_s,order0_dBFS,order1_dBFS,order2_dBFS,order3_dBFS,order4_dBFS,order5_dBFS
0.0,-43.573,-47.538,-57.368,-62.067,-64.257,-67.241
1.0,-40.797,-43.904,-51.347,-54.499,-57.242,-58.488
2.0,-36.296,-40.786,-52.006,-56.328,-60.005,-62.544
3.0,-38.302,-42.009,-52.316,-56.780,-60.325,-63.180
4.0,-35.295,-38.454,-50.391,-54.352,-58.119,-61.158
5.0,-35.339,-38.684,-48.492,-52.762,-56.324,-59.432
6.0,-36.014,-40.142,-50.997,-54.392,-58.794,-61.178
7.0,-34.904,-38.562,-48.321,-51.596,-54.957,-57.664
8.0,-32.509,-37.097,-46.473,-51.196,-55.518,-59.003
9.0,-32.988,-37.800,-46.015,-50.895,-54.803,-58.038
10.0,-33.605,-36.409,-47.181,-51.570,-55.172,-57.613
11.0,-30.120,-34.667,-42.820,-46.673,-50.156,-53.028
12.0,-27.395,-32.491,-39.367,-43.079,-46.609,-49.632
13.0,-28.608,-33.353,-40.820,-44.268,-47.124,-49.310
14.0,-29.648,-33.384,-43.158,-45.641,-47.728,-50.342
15.0,-31.502,-36.035,-44.360,-47.780,-50.560,-53.220
16.0,-32.995,-37.317,-46.045,-49.986,-53.389,-55.983
17.0,-35.219,-38.463,-47.422,-50.668,-54.100,-57.248
18.0,-33.199,-37.415,-46.210,-50.246,-53.636,-56.722
19.0,-34.726,-37.312,-47.786,-51.307,-54.544,-56.965
20.0,-40.754,-43.736,-53.795,-58.037,-61.577,-64.615
21.0,-36.338,-41.348,-50.999,-55.251,-58.854,-61.938
22.0,-32.261,-37.179,-46.809,-50.644,-54.018,-57.047
23.0,-35.159,-37.758,-47.722,-50.663,-53.627,-56.440
24.0,-35.398,-37.128,-46.718,-49.511,-52.249,-54.867
25.0,-34.669,-38.536,-48.639,-52.682,-56.019,-58.898
26.0,-37.527,-41.114,-50.742,-54.877,-58.662,-61.955
27.0,-35.231,-40.118,-49.631,-53.450,-56.652,-59.430
28.0,-34.590,-39.054,-47.283,-51.125,-54.716,-58.200
29.0,-33.575,-38.274,-46.559,-50.638,-54.347,-57.703
30.0,-39.271,-42.958,-52.370,-55.850,-59.501,-62.299
31.0,-39.891,-44.216,-52.813,-56.924,-60.447,-63.299
32.0,-40.762,-45.445,-55.289,-60.041,-63.843,-66.708
33.0,-42.737,-46.955,-56.910,-61.227,-65.059,-67.380
34.0,-35.428,-39.554,-48.805,-53.187,-56.601,-59.499
35.0,-29.920,-36.171,-43.804,-47.611,-50.899,-53.871
36.0,-26.803,-31.514,-38.932,-42.398,-45.792,-49.070
37.0,-25.749,-29.782,-37.026,-39.868,-43.290,-45.539
38.0,-29.496,-33.325,-41.409,-45.553,-48.857,-51.550
39.0,-32.142,-35.435,-45.540,-49.898,-53.977,-56.864
40.0,-33.906,-37.983,-47.424,-51.236,-54.484,-57.272
41.0,-31.632,-36.161,-44.342,-48.058,-51.442,-53.803
42.0,-30.882,-33.939,-42.804,-46.723,-50.395,-53.490
43.0,-27.918,-32.157,-39.461,-42.685,-45.810,-47.928
44.0,-26.516,-30.716,-38.983,-42.375,-46.020,-48.626
45.0,-26.014,-30.773,-38.772,-42.480,-45.997,-48.744
46.0,-23.834,-28.101,-36.118,-39.989,-43.285,-46.390
47.0,-23.354,-27.935,-34.334,-38.390,-42.026,-44.673
48.0,-25.668,-31.238,-38.190,-42.590,-46.256,-49.121
49.0,-30.036,-33.469,-43.732,-48.015,-51.965,-55.442
50.0,-33.492,-38.053,-47.535,-51.584,-54.839,-57.863
51.0,-32.166,-37.035,-42.917,-46.236,-49.350,-52.188
52.0,-29.040,-33.352,-40.322,-43.892,-47.622,-50.641
53.0,-28.511,-32.197,-40.511,-44.593,-48.128,-50.787
54.0,-28.013,-32.893,-39.932,-43.293,-46.444,-49.130
55.0,-29.488,-33.347,-41.605,-45.348,-48.869,-51.473
56.0,-26.087,-30.949,-38.279,-41.923,-45.063,-47.525
57.0,-26.340,-30.469,-37.479,-40.725,-43.939,-45.811
58.0,-24.662,-29.164,-37.971,-42.145,-45.919,-48.771
59.0,-25.812,-30.735,-39.108,-42.784,-45.903,-48.511
60.0,-26.409,-30.856,-38.473,-41.810,-45.091,-47.965
61.0,-25.077,-30.286,-38.841,-42.692,-46.466,-49.388
62.0,-23.927,-28.783,-36.174,-39.445,-42.627,-45.454
63.0,-22.749,-27.659,-34.838,-38.095,-41.231,-43.860
64.0,-23.293,-27.248,-33.665,-37.203,-40.629,-43.702
65.0,-26.186,-29.459,-36.120,-39.485,-42.926,-45.847
66.0,-30.246,-34.190,-42.926,-47.568,-51.866,-54.617
67.0,-29.516,-34.068,-41.510,-44.947,-48.731,-51.134
68.0,-29.651,-34.417,-42.170,-45.512,-48.552,-51.262
69.0,-34.096,-39.206,-47.193,-50.931,-54.435,-57.521
70.0,-40.037,-44.197,-53.253,-57.333,-60.849,-63.627
71.0,-33.742,-38.263,-47.031,-50.762,-54.445,-57.562
72.0,-38.839,-43.555,-54.076,-58.697,-62.541,-65.683
73.0,-36.556,-40.868,-50.017,-54.057,-57.352,-60.177
74.0,-43.189,-47.265,-58.654,-63.265,-66.738,-69.228
75.0,-36.368,-40.841,-48.736,-52.949,-56.670,-59.479
76.0,-36.041,-40.549,-48.529,-52.496,-56.297,-59.054
77.0,-36.067,-40.035,-48.755,-52.945,-56.550,-58.904
78.0,-32.947,-37.580,-45.698,-49.564,-53.101,-55.689
79.0,-33.251,-36.551,-45.504,-49.261,-53.241,-56.266
80.0,-35.277,-39.253,-48.792,-52.511,-56.045,-58.935
81.0,-29.845,-33.233,-40.470,-43.565,-47.094,-49.530
82.0,-31.825,-35.033,-43.626,-47.458,-51.035,-52.567
83.0,-30.603,-35.282,-43.200,-46.724,-49.484,-51.462
84.0,-29.699,-34.082,-40.650,-43.792,-46.643,-49.152
85.0,-33.373,-37.850,-45.777,-49.345,-52.615,-55.767
86.0,-31.611,-36.117,-45.197,-49.593,-52.945,-55.739
87.0,-28.394,-33.166,-41.352,-44.049,-46.956,-49.600
88.0,-32.319,-38.044,-45.665,-48.856,-51.671,-54.673
89.0,-32.349,-35.843,-45.435,-49.423,-52.771,-55.406
90.0,-31.316,-36.275,-44.341,-48.259,-51.407,-54.003
91.0,-34.903,-39.759,-47.786,-51.504,-54.775,-58.118
92.0,-32.194,-37.148,-44.542,-48.136,-51.985,-54.844
93.0,-32.833,-36.829,-44.782,-48.382,-51.784,-54.344
94.0,-29.634,-32.867,-42.045,-45.930,-49.745,-52.501
95.0,-32.685,-37.103,-45.878,-49.240,-52.216,-54.993
96.0,-27.752,-31.271,-38.294,-41.404,-44.792,-47.281
97.0,-27.702,-31.340,-38.783,-41.956,-45.151,-48.009
98.0,-25.892,-30.173,-37.981,-41.295,-44.304,-47.125
99.0,-24.853,-28.265,-34.736,-38.116,-41.430,-44.154
100.0,-27.603,-30.698,-39.698,-43.523,-47.191,-50.265
101.0,-23.397,-28.163,-35.325,-38.493,-41.465,-44.639
102.0,-26.554,-31.095,-38.827,-42.413,-45.808,-48.675
103.0,-27.084,-30.144,-37.719,-41.542,-44.943,-47.803
104.0,-25.469,-28.435,-37.034,-39.825,-43.223,-45.699
105.0,-25.815,-29.626,-37.007,-40.583,-44.119,-46.575
106.0,-28.085,-31.481,-39.394,-42.287,-45.243,-47.947
107.0,-31.715,-34.545,-42.642,-45.960,-49.262,-51.823
108.0,-33.295,-36.012,-45.499,-49.227,-52.437,-55.006
109.0,-35.045,-39.029,-48.151,-51.989,-55.916,-58.681
110.0,-33.050,-37.452,-45.330,-48.670,-51.746,-54.890
111.0,-30.831,-34.091,-43.493,-46.906,-49.818,-52.623
112.0,-28.327,-32.354,-40.420,-43.499,-46.607,-49.429
113.0,-34.426,-38.013,-46.214,-49.792,-52.850,-55.565
114.0,-33.840,-37.406,-48.782,-52.616,-55.297,-57.161
115.0,-35.489,-38.690,-48.486,-52.336,-55.747,-58.680
116.0,-29.664,-33.754,-43.777,-47.492,-49.859,-52.404
117.0,-32.257,-36.619,-45.535,-49.093,-52.358,-55.575
118.0,-31.418,-33.970,-43.532,-47.740,-51.448,-54.220
119.0,-27.160,-31.954,-40.611,-43.393,-45.566,-47.864
120.0,-25.567,-29.698,-37.971,-41.465,-44.622,-47.295
121.0,-25.027,-29.362,-39.207,-42.959,-46.357,-49.477
122.0,-24.836,-28.907,-38.816,-42.501,-45.881,-49.072
123.0,-21.715,-25.686,-33.276,-36.681,-39.976,-42.474
124.0,-22.219,-26.636,-35.546,-39.033,-42.462,-45.131
125.0,-20.886,-25.275,-33.243,-36.626,-39.854,-42.774
126.0,-18.668,-23.719,-32.349,-35.443,-38.789,-40.841
127.0,-28.857,-33.366,-42.075,-45.699,-48.789,-51.225
128.0,-22.755,-25.510,-36.595,-40.717,-43.259,-46.076
129.0,-32.571,-36.860,-47.579,-52.458,-56.350,-59.287
130.0,-60.133,-62.583,-69.422,-66.026,-72.774,-68.675
131.0,-45.854,-49.100,-57.958,-61.097,-63.262,-65.943
132.0,-37.734,-40.806,-50.217,-53.291,-56.403,-58.606
133.0,-39.899,-41.286,-50.947,-53.527,-56.255,-58.398
134.0,-34.897,-38.903,-46.661,-49.552,-52.595,-55.581
135.0,-37.391,-41.010,-48.106,-51.625,-54.509,-57.398
136.0,-29.868,-35.423,-42.279,-44.883,-48.415,-50.940
137.0,-31.353,-36.878,-43.351,-45.946,-49.446,-51.750
138.0,-35.928,-40.914,-47.104,-50.104,-53.076,-55.501
139.0,-41.276,-45.862,-56.534,-60.352,-62.369,-65.900
140.0,-35.798,-39.993,-51.527,-55.420,-58.141,-60.612
141.0,-29.497,-34.451,-43.321,-47.014,-50.346,-53.191
142.0,-27.667,-32.236,-41.545,-45.428,-49.013,-51.393
143.0,-26.076,-32.733,-41.275,-44.153,-47.403,-49.984
144.0,-30.555,-40.096,-45.775,-49.785,-55.062,-57.858
145.0,-40.594,-48.744,-53.742,-58.755,-61.649,-64.690
146.0,-39.974,-44.766,-55.623,-60.737,-64.120,-66.590
147.0,-39.881,-44.870,-56.432,-60.632,-63.023,-65.396
148.0,-53.821,-60.541,-69.242,-72.602,-73.517,-76.043
149.0,-52.831,-58.113,-66.247,-70.404,-72.680,-73.948
150.0,-35.937,-40.890,-49.331,-52.559,-54.972,-57.328
151.0,-34.791,-37.437,-46.423,-49.276,-52.133,-54.294
152.0,-32.339,-36.732,-44.090,-47.122,-49.825,-52.146
153.0,-33.472,-38.498,-43.990,-46.909,-49.637,-52.031
154.0,-30.380,-36.263,-42.918,-47.123,-50.506,-53.555
155.0,-29.351,-35.270,-41.699,-45.842,-49.599,-52.430
156.0,-36.361,-42.359,-49.767,-54.052,-57.334,-59.910
157.0,-41.312,-45.492,-55.652,-59.398,-61.221,-64.282
158.0,-31.775,-36.815,-46.050,-49.962,-53.375,-55.965
159.0,-26.948,-32.518,-40.845,-44.694,-48.313,-50.729
160.0,-25.454,-29.987,-38.650,-41.576,-44.620,-47.540
161.0,-31.654,-35.865,-45.529,-49.800,-52.717,-55.462
162.0,-27.171,-32.279,-40.203,-44.556,-48.147,-51.224
163.0,-23.345,-28.651,-36.559,-40.927,-44.807,-48.078
164.0,-22.930,-27.063,-34.953,-38.366,-41.758,-44.517
165.0,-25.371,-28.704,-36.619,-40.566,-44.095,-47.032
166.0,-25.036,-30.039,-39.021,-43.004,-46.629,-49.085
167.0,-23.274,-27.305,-36.131,-39.566,-42.616,-45.336
168.0,-27.289,-31.352,-39.167,-43.156,-46.413,-49.317
169.0,-22.847,-27.036,-33.211,-36.958,-40.054,-42.979
170.0,-24.337,-28.903,-36.112,-40.067,-43.539,-45.713
171.0,-24.156,-28.445,-35.382,-38.991,-42.207,-44.842
172.0,-24.855,-29.473,-35.608,-39.014,-42.107,-44.607
173.0,-22.911,-28.874,-34.617,-37.680,-40.722,-43.295
174.0,-25.492,-31.821,-38.867,-42.849,-45.517,-47.930
175.0,-31.518,-36.560,-43.231,-46.702,-49.696,-52.068
176.0,-28.953,-34.894,-43.440,-47.189,-50.775,-53.914
177.0,-25.669,-31.196,-39.051,-43.206,-46.828,-49.825
178.0,-23.382,-28.303,-34.970,-38.060,-40.985,-43.931
179.0,-20.554,-25.660,-33.223,-36.739,-39.958,-42.885
180.0,-22.026,-26.468,-33.149,-36.687,-40.090,-42.693
181.0,-20.390,-25.420,-32.078,-35.652,-38.812,-41.305
182.0,-23.534,-28.565,-34.843,-38.725,-42.026,-44.657
183.0,-22.507,-26.901,-33.461,-36.344,-39.502,-41.423
184.0,-20.447,-24.880,-32.247,-35.559,-38.714,-41.356
185.0,-25.537,-28.753,-37.455,-41.334,-44.553,-47.074
186.0,-24.262,-27.822,-36.368,-39.455,-42.644,-44.844
187.0,-21.977,-26.504,-34.885,-38.216,-41.634,-44.334
188.0,-22.772,-28.053,-35.433,-39.131,-42.669,-45.514
189.0,-25.113,-28.895,-37.503,-41.398,-45.206,-47.942
190.0,-22.178,-27.224,-34.375,-38.085,-41.604,-44.396
191.0,-20.859,-25.557,-32.044,-35.059,-37.912,-40.460
192.0,-22.138,-25.820,-33.861,-37.197,-40.475,-43.133
193.0,-21.531,-25.936,-33.708,-37.644,-41.205,-43.704
194.0,-20.722,-25.379,-32.330,-35.639,-38.649,-41.528
195.0,-22.945,-26.810,-33.856,-36.741,-39.460,-41.914
196.0,-22.098,-26.313,-33.694,-37.030,-40.017,-42.879
197.0,-21.548,-26.128,-33.869,-37.180,-40.350,-43.352
198.0,-22.414,-27.272,-34.533,-38.173,-41.464,-44.121
199.0,-23.047,-27.133,-35.280,-39.241,-42.777,-45.514
200.0,-21.518,-25.842,-32.353,-36.106,-39.391,-42.025
201.0,-21.172,-25.791,-33.226,-36.425,-40.141,-43.037
202.0,-23.217,-27.362,-35.973,-39.263,-42.537,-45.445
203.0,-21.608,-25.999,-33.798,-37.160,-40.542,-43.681
204.0,-21.246,-26.141,-33.711,-37.437,-40.921,-44.167
205.0,-20.969,-24.967,-33.317,-36.766,-40.163,-43.231
206.0,-22.108,-26.321,-33.921,-37.653,-41.061,-43.972
207.0,-21.015,-25.540,-33.798,-37.818,-41.208,-44.164
208.0,-18.314,-23.453,-31.344,-35.230,-38.629,-41.444
209.0,-21.774,-28.256,-34.598,-38.755,-41.762,-44.912
210.0,-30.135,-35.469,-42.674,-46.087,-49.181,-51.681
211.0,-33.019,-37.284,-45.690,-49.644,-53.372,-56.647
212.0,-32.468,-37.410,-45.727,-49.716,-53.724,-56.917
213.0,-28.860,-33.625,-40.976,-44.414,-48.002,-50.526
214.0,-31.773,-35.846,-44.479,-48.436,-52.056,-54.910
215.0,-28.923,-31.902,-40.566,-43.979,-47.020,-49.756
216.0,-29.986,-33.826,-42.172,-45.426,-49.238,-51.948
217.0,-27.931,-30.316,-40.872,-44.769,-48.308,-50.881
218.0,-25.372,-29.428,-36.296,-40.650,-44.597,-47.750
219.0,-25.850,-30.271,-37.932,-41.913,-45.349,-48.224
220.0,-22.162,-26.463,-33.511,-37.214,-40.864,-43.782
221.0,-24.106,-28.782,-35.262,-38.965,-42.275,-44.872
222.0,-24.794,-29.308,-36.941,-41.762,-45.438,-48.687
223.0,-21.292,-25.743,-33.201,-37.334,-40.812,-43.993
224.0,-20.664,-26.127,-32.993,-36.890,-40.869,-43.962
225.0,-21.683,-26.998,-34.151,-39.049,-42.324,-44.928
226.0,-21.636,-25.742,-33.373,-37.433,-40.979,-43.911
227.0,-20.276,-25.350,-32.300,-36.099,-39.198,-41.484
228.0,-20.800,-25.390,-32.523,-36.113,-40.029,-42.441
229.0,-20.220,-24.809,-31.805,-35.698,-39.063,-42.005
230.0,-18.103,-23.095,-30.641,-34.512,-37.983,-40.901
231.0,-19.982,-24.711,-32.977,-36.928,-40.832,-43.984
232.0,-20.311,-25.303,-33.369,-37.293,-40.606,-42.936
233.0,-20.529,-25.200,-34.646,-38.014,-40.789,-43.506
234.0,-19.509,-24.513,-32.691,-35.556,-38.542,-41.458
235.0,-26.227,-31.808,-39.939,-43.414,-47.303,-49.834
236.0,-58.140,-61.133,-68.572,-74.612,-76.714,-79.462
237.0,-49.831,-55.061,-63.835,-69.414,-69.815,-72.184
238.0,-46.609,-52.062,-62.306,-66.351,-68.181,-71.220
239.0,-39.913,-44.828,-54.597,-59.435,-63.691,-66.784
240.0,-41.168,-46.570,-56.365,-61.371,-66.270,-70.224
241.0,-39.007,-43.534,-52.509,-56.046,-59.256,-61.599
242.0,-41.344,-46.435,-54.424,-56.905,-59.777,-62.296
243.0,-40.366,-45.227,-55.133,-58.282,-61.376,-63.916
244.0,-40.941,-45.625,-55.512,-59.823,-63.610,-66.677
245.0,-42.724,-48.387,-58.981,-63.660,-67.380,-70.901
246.0,-48.749,-53.957,-63.622,-66.819,-69.523,-71.866
247.0,-53.978,-59.553,-67.182,-70.293,-73.674,-73.977
248.0,-60.934,-64.215,-71.633,-76.250,-75.736,-78.062
249.0,-44.512,-48.743,-58.347,-62.655,-63.478,-65.720
250.0,-43.759,-47.964,-58.986,-63.545,-66.688,-69.037
251.0,-41.370,-45.060,-53.896,-56.740,-59.483,-62.131
252.0,-37.178,-42.540,-53.162,-57.594,-61.198,-63.899
253.0,-40.180,-45.222,-55.916,-60.400,-64.002,-66.490
254.0,-36.900,-40.317,-52.535,-57.054,-61.659,-64.382
255.0,-36.751,-39.571,-49.491,-52.988,-56.251,-58.838
256.0,-38.151,-42.430,-53.198,-57.191,-61.162,-64.471
257.0,-34.771,-39.393,-49.058,-52.680,-55.788,-58.599
258.0,-32.557,-36.688,-45.513,-50.021,-54.007,-57.323
259.0,-31.980,-35.987,-46.639,-51.191,-55.184,-57.841
260.0,-34.161,-37.571,-48.683,-52.474,-55.629,-58.164
261.0,-28.809,-32.998,-40.913,-44.679,-48.200,-50.900
262.0,-29.486,-34.763,-42.693,-46.685,-50.269,-53.052
263.0,-32.546,-36.556,-44.673,-47.655,-49.967,-52.126
264.0,-32.963,-36.873,-44.675,-47.476,-50.568,-53.406
265.0,-34.577,-38.809,-48.016,-52.086,-55.524,-58.166
266.0,-34.908,-40.397,-46.698,-50.304,-53.635,-56.450
267.0,-38.824,-42.213,-52.154,-56.186,-59.991,-63.280
268.0,-37.892,-41.305,-52.316,-57.051,-60.843,-64.000
269.0,-38.489,-40.809,-51.931,-55.201,-58.346,-60.060
270.0,-40.642,-43.365,-52.430,-56.174,-59.475,-62.145
271.0,-44.830,-49.184,-59.012,-63.771,-64.955,-68.966
272.0,-43.163,-48.338,-59.544,-64.486,-67.833,-69.562
273.0,-40.529,-46.187,-55.572,-59.485,-62.728,-65.580
274.0,-36.569,-40.845,-49.083,-52.087,-55.064,-58.452
275.0,-31.669,-35.290,-44.538,-48.134,-51.255,-53.943
276.0,-28.346,-32.361,-41.411,-44.675,-48.065,-50.843
277.0,-29.373,-33.830,-40.449,-43.514,-46.551,-49.247
278.0,-30.918,-35.418,-43.103,-46.361,-49.525,-52.819
279.0,-33.226,-36.730,-45.311,-48.860,-51.924,-54.990
280.0,-30.803,-35.468,-42.757,-46.564,-49.596,-52.041
281.0,-28.418,-32.417,-39.960,-43.537,-47.083,-49.395
282.0,-31.197,-35.388,-43.305,-46.163,-48.535,-50.973
283.0,-28.676,-32.524,-41.059,-44.835,-48.551,-51.297
284.0,-28.539,-33.084,-42.085,-45.493,-48.666,-51.375
285.0,-29.540,-33.942,-44.105,-48.589,-52.158,-55.210
286.0,-31.899,-36.264,-44.459,-48.005,-50.990,-53.438
287.0,-28.343,-33.043,-42.054,-45.697,-49.245,-52.257
288.0,-28.704,-33.025,-42.777,-46.926,-51.152,-54.315
289.0,-31.951,-36.649,-45.340,-49.046,-52.154,-54.505
290.0,-35.067,-39.438,-45.579,-48.047,-50.306,-52.491
291.0,-34.025,-39.009,-47.096,-50.183,-53.220,-55.828
292.0,-34.198,-37.480,-46.635,-49.506,-53.071,-56.183
293.0,-34.281,-38.810,-46.710,-49.815,-52.828,-56.012
294.0,-42.731,-46.795,-56.750,-61.082,-64.733,-67.258
295.0,-47.073,-51.399,-61.927,-66.257,-68.981,-71.270
296.0,-39.539,-44.307,-53.767,-57.711,-61.320,-64.362
297.0,-38.982,-44.226,-52.432,-55.885,-59.435,-62.280
298.0,-35.929,-40.998,-48.414,-51.445,-54.395,-56.896
299.0,-32.602,-38.138,-45.021,-48.171,-50.907,-53.243
300.0,-31.066,-36.203,-42.749,-45.106,-47.965,-49.858
301.0,-36.237,-40.946,-48.143,-51.303,-54.401,-56.844
302.0,-33.671,-37.684,-43.593,-47.561,-50.971,-53.913
303.0,-32.494,-36.413,-43.119,-46.542,-49.196,-51.384
304.0,-33.195,-37.553,-45.235,-48.979,-52.123,-54.861
305.0,-34.280,-37.946,-47.059,-50.836,-54.305,-57.428
306.0,-34.152,-38.967,-45.821,-49.051,-52.144,-54.937
307.0,-32.513,-38.125,-46.722,-50.092,-53.770,-56.556
308.0,-30.782,-35.579,-43.957,-48.157,-51.745,-54.965
309.0,-31.338,-36.371,-44.236,-47.666,-50.726,-53.235
310.0,-32.133,-38.311,-44.619,-47.692,-50.790,-53.262
311.0,-35.611,-41.300,-49.360,-52.976,-56.274,-59.021
312.0,-38.270,-43.976,-51.173,-54.858,-58.564,-61.514
313.0,-33.471,-39.319,-46.574,-49.917,-53.225,-55.873
314.0,-33.565,-39.593,-45.853,-49.023,-52.174,-54.850
315.0,-31.040,-36.399,-44.127,-47.008,-49.565,-52.205
316.0,-30.065,-36.022,-42.176,-45.429,-47.794,-50.036
317.0,-27.734,-32.278,-39.166,-42.130,-45.321,-47.731
318.0,-28.322,-32.795,-39.960,-42.857,-45.496,-48.091
319.0,-26.514,-31.576,-38.700,-41.988,-45.358,-48.560
320.0,-24.254,-30.686,-37.009,-40.537,-43.772,-46.400
321.0,-27.203,-31.418,-38.300,-41.290,-43.853,-46.638
322.0,-23.937,-29.707,-36.299,-39.824,-43.297,-46.250
323.0,-23.983,-30.929,-36.178,-40.049,-43.226,-45.943
324.0,-25.989,-30.052,-36.799,-39.723,-42.760,-45.063
325.0,-26.677,-30.282,-38.524,-42.159,-45.558,-48.457
326.0,-26.903,-31.869,-39.960,-43.320,-46.262,-48.946
327.0,-28.269,-33.795,-40.799,-44.341,-47.405,-49.884
328.0,-34.348,-38.500,-47.422,-51.325,-54.684,-57.693
329.0,-31.991,-37.426,-45.597,-49.040,-52.063,-55.136
330.0,-33.223,-38.742,-46.827,-50.569,-53.932,-56.498
331.0,-30.793,-36.375,-43.943,-47.585,-51.013,-53.804
332.0,-27.788,-33.090,-40.987,-44.615,-47.642,-50.356
333.0,-29.088,-34.816,-43.209,-46.519,-49.790,-52.554
334.0,-34.719,-40.088,-47.808,-51.659,-54.715,-57.388
335.0,-38.436,-43.154,-53.211,-56.015,-58.928,-62.018
336.0,-36.837,-41.623,-49.262,-52.059,-54.622,-56.438
337.0,-32.854,-36.351,-46.922,-50.569,-53.864,-56.312
338.0,-31.606,-35.462,-45.348,-48.886,-51.881,-53.997
339.0,-29.446,-33.038,-42.052,-45.093,-47.878,-50.443
340.0,-27.775,-32.196,-41.200,-44.399,-46.930,-49.774
341.0,-29.038,-33.133,-43.377,-46.854,-50.121,-52.601
342.0,-24.061,-29.125,-37.817,-40.905,-43.895,-46.710
343.0,-25.251,-29.900,-38.567,-41.537,-44.202,-47.075
344.0,-23.601,-27.890,-36.560,-40.413,-43.775,-46.567
345.0,-23.660,-27.893,-36.954,-40.121,-43.410,-45.594
346.0,-26.169,-30.822,-40.068,-44.540,-47.583,-50.207
347.0,-23.889,-27.487,-38.341,-41.761,-45.012,-47.831
348.0,-20.859,-25.781,-35.368,-39.552,-42.689,-44.350
349.0,-21.601,-26.315,-33.074,-36.378,-39.536,-42.515
350.0,-19.985,-24.693,-32.219,-35.547,-38.906,-41.584
351.0,-22.080,-26.360,-33.476,-37.746,-41.106,-44.394
352.0,-19.568,-24.719,-31.224,-35.105,-38.749,-41.781
353.0,-20.294,-24.882,-32.584,-36.923,-40.280,-42.869
354.0,-22.306,-26.111,-35.087,-38.464,-42.200,-45.017
355.0,-47.597,-52.437,-61.069,-67.362,-71.228,-74.066
356.0,-16.483,-21.921,-30.631,-34.353,-37.150,-39.757
357.0,-40.423,-44.909,-53.898,-59.639,-64.140,-67.091
358.0,-18.341,-23.031,-33.160,-36.870,-39.860,-42.558
359.0,-24.172,-28.152,-39.233,-43.355,-47.208,-49.581
360.0,-53.908,-57.665,-64.686,-70.109,-71.990,-73.815
361.0,-66.196,-66.997,-72.634,-76.431,-75.741,-78.109
362.0,-68.064,-66.928,-75.490,-78.512,-78.735,-80.481
363.0,-69.901,-67.049,-76.551,-79.912,-80.371,-81.427
364.0,-47.582,-51.447,-61.514,-65.644,-67.187,-69.466
365.0,-46.624,-50.463,-61.775,-66.380,-68.494,-71.033
366.0,-42.167,-46.052,-56.813,-60.991,-63.797,-65.888
367.0,-45.561,-49.451,-60.379,-65.314,-67.430,-70.540
368.0,-43.114,-47.044,-58.409,-62.607,-64.765,-67.702
369.0,-44.470,-48.383,-59.855,-64.823,-66.975,-69.982
370.0,-34.296,-39.571,-47.941,-51.427,-53.950,-57.084
371.0,-42.261,-46.230,-54.434,-57.761,-60.702,-63.630
372.0,-37.402,-41.772,-50.136,-53.932,-57.411,-60.141
373.0,-39.196,-43.041,-51.528,-55.090,-58.662,-61.812
374.0,-40.899,-44.730,-54.243,-58.418,-61.965,-64.562
375.0,-35.866,-38.598,-48.913,-52.930,-56.117,-58.836
376.0,-38.837,-42.332,-51.841,-56.397,-59.985,-63.026
377.0,-40.991,-45.305,-56.057,-60.962,-64.465,-66.884
378.0,-37.444,-40.209,-51.123,-55.153,-57.851,-61.101
379.0,-31.118,-36.096,-44.943,-48.278,-51.685,-54.452
380.0,-32.423,-36.553,-45.515,-48.823,-52.285,-55.212
381.0,-35.401,-39.620,-48.094,-51.967,-55.526,-58.598
382.0,-31.380,-35.699,-43.161,-46.363,-49.554,-52.012
383.0,-31.386,-35.400,-42.923,-46.398,-49.396,-51.894
384.0,-31.968,-35.367,-42.813,-46.149,-49.086,-51.659
385.0,-30.392,-34.112,-43.184,-46.997,-50.018,-53.024
386.0,-34.593,-38.903,-47.478,-51.071,-54.595,-57.381
387.0,-34.556,-39.509,-48.103,-51.631,-54.964,-58.081
388.0,-30.221,-35.337,-43.570,-47.264,-49.978,-52.014
389.0,-32.956,-36.319,-44.539,-47.718,-50.716,-53.239
390.0,-33.823,-37.485,-45.681,-49.117,-52.080,-54.910
391.0,-36.448,-40.950,-49.278,-53.260,-56.886,-59.760
392.0,-37.181,-41.840,-50.227,-54.007,-56.984,-59.800
393.0,-33.591,-38.191,-45.841,-49.091,-51.653,-54.378
394.0,-30.198,-34.630,-41.951,-45.073,-48.463,-51.214
395.0,-29.408,-33.775,-40.950,-43.791,-46.479,-49.706
396.0,-30.648,-35.034,-41.701,-44.692,-47.496,-50.293
397.0,-27.014,-31.172,-37.425,-40.018,-42.140,-44.201
398.0,-31.448,-34.596,-42.341,-45.324,-47.947,-50.446
399.0,-30.220,-33.020,-41.165,-45.224,-48.155,-50.992
400.0,-26.730,-30.266,-39.478,-43.491,-47.007,-50.154
401.0,-31.862,-37.137,-45.340,-49.131,-52.821,-55.648
402.0,-30.857,-35.526,-42.609,-45.906,-48.787,-51.212
403.0,-31.407,-36.027,-43.436,-46.740,-49.498,-51.879
404.0,-34.036,-38.417,-47.031,-50.846,-54.444,-57.619
405.0,-33.025,-38.051,-47.035,-51.066,-54.801,-57.982
406.0,-32.858,-37.402,-44.393,-47.171,-49.688,-51.990
407.0,-30.098,-34.019,-40.805,-44.025,-45.926,-48.883
408.0,-26.893,-31.925,-39.157,-42.018,-44.991,-47.385
409.0,-25.534,-30.221,-38.578,-41.774,-44.614,-47.080
410.0,-23.629,-28.165,-35.397,-38.667,-41.367,-43.958
411.0,-33.089,-37.380,-46.038,-49.144,-52.240,-55.238
412.0,-35.547,-41.509,-50.731,-54.749,-58.756,-61.900
413.0,-38.054,-43.284,-54.530,-58.813,-61.615,-64.484
414.0,-40.918,-45.941,-56.585,-60.109,-62.971,-65.298
415.0,-34.969,-40.547,-49.731,-53.431,-56.229,-59.113
416.0,-32.290,-36.578,-43.082,-45.849,-48.085,-50.410
417.0,-30.312,-33.545,-41.253,-44.297,-47.312,-50.098
418.0,-24.829,-30.218,-38.132,-41.403,-44.808,-47.381
419.0,-22.588,-26.655,-34.398,-37.360,-40.072,-42.684
420.0,-23.898,-27.393,-35.118,-38.002,-40.810,-43.483
421.0,-31.520,-36.903,-45.138,-48.519,-52.036,-55.333
422.0,-36.439,-40.805,-50.985,-54.790,-58.329,-61.445
423.0,-36.672,-41.249,-50.219,-53.851,-57.193,-60.127
424.0,-41.031,-45.762,-54.480,-58.471,-61.860,-64.999
425.0,-36.302,-41.716,-48.252,-51.495,-54.408,-56.879
426.0,-37.342,-42.179,-48.898,-52.183,-54.641,-57.147
427.0,-32.052,-36.297,-44.355,-47.190,-49.861,-52.168
428.0,-32.013,-36.468,-43.532,-46.267,-48.761,-50.865
429.0,-32.156,-37.469,-44.356,-46.975,-49.649,-52.184
430.0,-34.774,-38.593,-44.743,-47.694,-50.106,-52.058
431.0,-35.321,-37.951,-47.214,-51.150,-54.363,-57.408
432.0,-33.303,-37.514,-45.727,-49.091,-51.665,-53.757
433.0,-28.376,-32.845,-39.130,-42.322,-45.344,-47.314
434.0,-29.784,-37.108,-43.184,-47.454,-50.842,-54.055
435.0,-31.915,-36.920,-45.404,-49.075,-52.544,-55.179
436.0,-32.705,-35.805,-45.668,-49.206,-52.926,-55.343
437.0,-29.002,-34.746,-40.909,-43.914,-46.561,-48.790
438.0,-29.339,-35.048,-41.811,-45.130,-48.500,-51.376
439.0,-32.523,-38.020,-44.380,-47.278,-50.414,-52.788
440.0,-32.942,-37.628,-43.303,-45.856,-48.025,-50.094
441.0,-32.424,-36.197,-43.727,-47.355,-50.513,-53.339
442.0,-33.681,-38.011,-45.427,-48.980,-52.489,-54.761
443.0,-31.901,-37.047,-44.498,-48.117,-51.208,-53.832
444.0,-32.743,-37.716,-45.252,-48.820,-52.257,-55.170
445.0,-30.112,-35.303,-42.275,-45.618,-48.696,-51.357
446.0,-27.661,-33.217,-39.721,-43.188,-46.188,-48.898
447.0,-30.150,-33.245,-42.023,-45.175,-48.075,-50.484
448.0,-27.105,-31.229,-38.551,-40.859,-43.324,-45.751
449.0,-26.538,-32.042,-38.653,-41.654,-44.333,-46.437
450.0,-28.543,-33.053,-40.966,-44.377,-47.639,-50.490
451.0,-26.088,-31.075,-38.584,-42.108,-45.510,-48.327
452.0,-28.159,-32.881,-40.299,-43.862,-47.320,-50.148
453.0,-25.708,-30.015,-37.241,-40.719,-44.069,-46.804
454.0,-26.430,-30.811,-37.923,-41.463,-45.358,-48.474
455.0,-25.529,-30.682,-37.098,-40.234,-43.265,-46.131
456.0,-27.682,-32.889,-39.843,-42.731,-45.552,-48.097
457.0,-24.761,-29.936,-36.600,-39.258,-41.989,-44.459
458.0,-24.289,-28.786,-35.761,-38.987,-41.598,-44.160
459.0,-23.641,-28.425,-35.766,-39.153,-42.267,-45.111
460.0,-25.103,-30.260,-38.199,-41.874,-44.904,-47.103
461.0,-23.009,-27.245,-33.917,-37.456,-40.966,-43.592
462.0,-23.460,-28.208,-35.182,-38.804,-41.973,-44.420
463.0,-23.596,-27.795,-34.606,-38.312,-42.011,-44.797
464.0,-23.790,-28.087,-35.377,-38.851,-42.339,-45.351
465.0,-20.027,-24.597,-30.351,-34.163,-37.518,-40.452
466.0,-20.146,-24.940,-30.331,-33.416,-36.282,-38.890
467.0,-23.306,-28.073,-35.173,-38.250,-41.308,-43.524
468.0,-27.447,-31.588,-40.258,-43.202,-46.112,-49.050
469.0,-19.724,-23.965,-31.340,-34.446,-37.241,-39.826
470.0,-18.233,-22.877,-29.800,-33.087,-36.427,-39.184
471.0,-20.968,-25.628,-33.426,-36.934,-40.134,-42.797
472.0,-23.621,-29.457,-39.208,-43.590,-47.225,-49.585
473.0,-24.726,-28.865,-36.263,-39.526,-42.505,-45.151
474.0,-27.950,-32.214,-39.516,-42.709,-46.498,-49.409
475.0,-28.649,-32.873,-39.893,-43.067,-46.339,-49.086
476.0,-31.023,-34.547,-41.593,-44.668,-47.954,-50.598
477.0,-34.022,-38.614,-46.641,-50.131,-53.805,-57.040
478.0,-36.045,-40.846,-48.143,-51.687,-55.165,-58.405
479.0,-42.258,-46.263,-54.804,-58.465,-61.770,-64.535
480.0,-40.793,-46.061,-53.479,-57.621,-61.426,-64.044
481.0,-46.402,-51.913,-59.026,-62.275,-65.213,-67.020
482.0,-49.338,-55.131,-61.754,-65.094,-67.119,-68.423
483.0,-39.798,-44.075,-53.133,-56.860,-60.019,-62.695
484.0,-35.251,-38.797,-49.863,-53.421,-56.760,-59.500
485.0,-31.962,-36.890,-45.699,-49.370,-52.720,-56.056
486.0,-32.179,-36.386,-45.434,-49.153,-52.672,-55.802
487.0,-31.378,-36.255,-44.564,-47.746,-50.922,-53.953
488.0,-31.283,-35.745,-43.467,-46.588,-49.791,-53.050
489.0,-28.401,-32.745,-40.821,-43.792,-46.740,-49.482
490.0,-28.829,-33.266,-40.663,-43.403,-46.257,-49.356
491.0,-27.657,-31.078,-39.516,-42.837,-46.170,-48.987
492.0,-27.238,-30.497,-38.167,-40.913,-43.613,-46.054
493.0,-26.499,-30.633,-37.585,-39.834,-41.989,-44.471
494.0,-30.388,-35.009,-41.914,-44.898,-47.495,-50.137
495.0,-33.762,-38.153,-46.510,-50.401,-53.588,-56.247
496.0,-31.271,-35.784,-44.684,-48.479,-52.079,-54.881
497.0,-29.555,-34.584,-42.645,-46.701,-50.227,-53.109
498.0,-26.124,-32.764,-38.572,-42.274,-45.661,-48.171
499.0,-25.054,-30.663,-38.734,-42.193,-45.633,-48.766
500.0,-28.479,-33.498,-39.811,-42.927,-45.773,-48.168
501.0,-26.710,-32.328,-39.290,-42.891,-46.170,-49.080
502.0,-26.046,-30.906,-37.119,-39.951,-42.602,-44.816
503.0,-28.037,-31.081,-41.033,-44.501,-47.509,-50.395
504.0,-26.020,-30.860,-38.523,-41.960,-45.101,-47.977
505.0,-28.003,-32.834,-40.325,-44.131,-47.652,-50.339
506.0,-30.489,-34.867,-42.872,-46.781,-50.277,-53.512
507.0,-32.490,-37.453,-45.011,-48.651,-52.046,-54.899
508.0,-34.236,-38.859,-48.172,-52.787,-56.896,-59.874
509.0,-22.102,-26.799,-34.162,-37.971,-41.534,-44.687
510.0,-17.888,-21.852,-28.389,-32.002,-35.316,-38.363
511.0,-18.759,-23.049,-30.437,-33.981,-37.582,-40.217
512.0,-19.524,-24.053,-31.101,-34.406,-37.876,-40.800
513.0,-19.342,-24.437,-32.666,-36.498,-40.234,-43.663
514.0,-18.687,-23.332,-31.219,-34.794,-38.001,-40.597
515.0,-18.258,-23.249,-29.519,-33.260,-36.426,-39.172
516.0,-17.983,-24.105,-30.454,-33.343,-36.009,-38.524
517.0,-19.362,-23.494,-30.496,-32.997,-35.608,-37.758
518.0,-20.089,-23.635,-30.137,-32.757,-35.519,-37.905
519.0,-19.421,-23.384,-30.461,-33.155,-36.056,-38.600
520.0,-19.537,-24.196,-32.080,-35.548,-39.165,-42.193
521.0,-19.991,-24.749,-31.442,-35.058,-38.276,-40.975
522.0,-20.965,-25.995,-33.148,-36.399,-39.420,-42.165
523.0,-20.384,-25.218,-33.478,-37.048,-40.333,-43.623
524.0,-24.103,-29.040,-38.473,-42.687,-46.699,-49.850
525.0,-29.026,-33.498,-42.855,-46.757,-51.102,-54.235
526.0,-32.869,-37.422,-45.710,-49.164,-52.768,-55.745
527.0,-35.100,-38.719,-47.102,-50.480,-53.450,-55.944
528.0,-34.049,-38.404,-47.272,-50.992,-54.645,-57.642
529.0,-33.691,-37.703,-45.289,-48.875,-51.540,-53.862
530.0,-33.732,-38.246,-47.586,-51.385,-54.813,-57.227
531.0,-34.017,-37.877,-47.102,-50.724,-54.162,-57.215
532.0,-31.117,-36.375,-43.751,-47.042,-50.137,-52.779
533.0,-32.869,-37.116,-44.478,-47.735,-50.926,-53.609
534.0,-33.433,-37.678,-45.375,-48.633,-51.460,-53.868
535.0,-34.971,-39.372,-47.346,-50.534,-53.299,-55.639
536.0,-35.860,-39.879,-48.325,-52.088,-55.852,-58.658
537.0,-36.635,-41.281,-50.838,-54.687,-58.157,-60.890
538.0,-37.931,-42.736,-51.247,-54.851,-58.166,-61.092
539.0,-41.076,-45.455,-54.116,-57.279,-59.870,-62.355
540.0,-39.108,-44.313,-53.121,-56.386,-59.555,-61.895
541.0,-38.599,-44.258,-51.354,-54.967,-58.057,-60.803
542.0,-41.293,-47.590,-54.194,-58.664,-62.130,-65.545
543.0,-42.424,-47.744,-54.712,-57.424,-60.468,-62.498
544.0,-39.889,-45.785,-51.231,-53.804,-56.465,-58.872
545.0,-39.268,-43.098,-47.843,-51.479,-54.470,-56.627
546.0,-36.887,-43.053,-48.794,-52.103,-55.188,-57.844
547.0,-36.429,-42.427,-49.200,-52.456,-55.325,-57.419
548.0,-43.016,-48.636,-55.970,-59.265,-62.294,-65.105
549.0,-42.771,-48.021,-55.253,-58.356,-60.924,-62.882
550.0,-39.529,-46.130,-52.643,-57.310,-60.575,-63.325
551.0,-43.045,-49.489,-57.521,-61.822,-64.542,-66.580
552.0,-38.963,-43.915,-52.187,-56.175,-58.914,-61.542
553.0,-37.071,-44.632,-51.706,-55.417,-58.832,-61.367
554.0,-35.808,-41.233,-48.935,-53.204,-56.709,-59.142
555.0,-35.126,-39.424,-48.689,-52.669,-56.326,-58.911
556.0,-34.936,-39.073,-49.599,-54.006,-58.012,-61.191
557.0,-42.432,-46.425,-55.535,-58.990,-61.855,-64.122
558.0,-35.217,-41.705,-48.661,-51.104,-53.791,-55.388
559.0,-36.613,-44.852,-50.624,-54.081,-57.099,-60.025
560.0,-36.890,-43.898,-52.181,-56.175,-59.989,-62.979
561.0,-31.625,-38.226,-45.971,-50.037,-53.508,-56.262
562.0,-29.531,-35.579,-42.968,-46.601,-49.842,-52.372
563.0,-32.443,-38.322,-42.933,-45.697,-48.654,-50.811
564.0,-37.949,-44.315,-48.798,-51.462,-53.924,-56.134
565.0,-40.524,-43.970,-49.340,-54.296,-57.103,-59.591
566.0,-34.217,-42.971,-47.579,-51.282,-54.009,-56.646
567.0,-33.454,-38.199,-46.083,-48.814,-51.394,-53.743
568.0,-35.673,-40.092,-47.088,-49.644,-52.009,-54.194
569.0,-32.995,-38.644,-45.117,-48.120,-50.895,-53.589
570.0,-30.533,-35.528,-41.907,-45.294,-48.294,-50.762
571.0,-25.603,-30.227,-36.182,-39.076,-41.503,-43.473
572.0,-28.385,-33.412,-39.952,-43.039,-45.189,-47.311
573.0,-33.495,-38.285,-46.999,-50.844,-54.467,-56.946
574.0,-38.564,-41.500,-50.114,-53.209,-56.414,-58.552
575.0,-35.695,-40.741,-47.981,-50.812,-53.625,-55.926
576.0,-37.237,-42.260,-50.005,-53.087,-56.233,-58.568
577.0,-40.227,-42.965,-52.822,-56.075,-59.187,-61.810
578.0,-39.360,-43.227,-52.680,-56.909,-60.618,-63.326
579.0,-41.043,-47.788,-54.759,-58.437,-62.280,-65.033
580.0,-45.828,-48.366,-59.201,-63.996,-67.436,-70.413
581.0,-45.776,-51.669,-58.278,-62.793,-66.508,-69.203
582.0,-45.118,-50.578,-56.360,-58.735,-61.226,-63.186
583.0,-40.922,-45.225,-49.838,-53.945,-56.487,-58.869
584.0,-40.675,-45.044,-50.398,-53.208,-55.608,-57.754
585.0,-36.766,-42.746,-49.112,-52.962,-56.047,-58.852
586.0,-38.800,-43.916,-51.835,-55.176,-58.566,-61.442
587.0,-35.536,-42.218,-49.616,-53.734,-57.224,-60.221
588.0,-34.481,-38.289,-46.683,-51.466,-54.385,-57.376
589.0,-31.711,-34.861,-43.948,-47.073,-50.536,-53.086
590.0,-31.821,-36.570,-44.625,-48.254,-51.457,-54.044
591.0,-36.469,-41.596,-49.540,-53.549,-56.773,-60.001
592.0,-32.914,-41.208,-48.332,-52.303,-56.022,-58.606
593.0,-31.243,-37.031,-44.361,-48.472,-52.044,-54.669
594.0,-32.655,-36.921,-45.355,-49.284,-52.611,-55.387
595.0,-35.616,-40.452,-49.827,-54.849,-58.869,-62.085
596.0,-39.962,-45.034,-53.349,-56.865,-59.823,-62.387
597.0,-39.129,-44.045,-51.715,-54.577,-57.891,-60.441
598.0,-35.502,-42.188,-47.712,-49.750,-52.935,-54.678
599.0,-37.383,-46.396,-50.910,-54.184,-56.678,-59.156
600.0,-35.863,-41.133,-51.304,-55.411,-58.761,-60.921
601.0,-33.291,-39.952,-48.606,-53.255,-56.821,-59.705
602.0,-30.614,-36.632,-42.514,-45.889,-48.733,-51.059
603.0,-31.916,-38.065,-42.127,-45.129,-47.296,-49.046
604.0,-37.353,-43.203,-47.178,-50.240,-52.028,-53.622
605.0,-34.689,-41.788,-47.127,-50.813,-53.755,-56.190
606.0,-33.295,-39.810,-47.706,-51.718,-54.968,-57.877
607.0,-32.192,-36.197,-44.183,-47.182,-49.876,-52.282
608.0,-33.693,-39.337,-46.210,-49.405,-52.386,-55.044
609.0,-30.157,-35.392,-41.742,-45.031,-47.968,-50.568
610.0,-27.232,-32.228,-39.136,-42.975,-46.252,-48.583
611.0,-28.347,-34.025,-41.220,-44.945,-48.446,-51.186
612.0,-31.957,-37.733,-45.660,-49.143,-52.716,-55.505
613.0,-33.705,-37.513,-46.155,-49.199,-52.549,-55.482
614.0,-35.517,-40.224,-47.170,-50.212,-53.269,-56.014
615.0,-37.159,-41.915,-51.472,-55.268,-58.291,-61.051
616.0,-37.308,-42.157,-53.134,-56.916,-60.474,-62.771
617.0,-37.339,-41.817,-53.297,-57.678,-61.177,-64.033
618.0,-37.027,-42.817,-53.966,-57.791,-61.756,-64.725
619.0,-40.929,-46.052,-57.986,-62.122,-66.050,-68.301
620.0,-42.052,-46.869,-59.228,-64.126,-66.363,-69.299
621.0,-43.572,-47.616,-55.456,-58.882,-61.516,-64.069
622.0,-45.695,-50.358,-58.645,-62.530,-65.952,-68.759
623.0,-44.256,-49.639,-59.727,-63.770,-66.757,-69.441
624.0,-50.516,-55.390,-66.855,-70.162,-73.051,-75.576
625.0,-42.075,-46.250,-55.343,-59.577,-62.473,-66.318
626.0,-37.793,-42.736,-52.713,-57.147,-60.953,-63.837
627.0,-32.825,-38.194,-46.008,-50.177,-53.633,-56.718
628.0,-31.612,-35.558,-42.226,-45.117,-48.517,-51.611
629.0,-33.192,-37.973,-46.536,-50.133,-53.705,-56.310
630.0,-29.921,-34.227,-41.029,-44.289,-47.794,-50.832
631.0,-27.451,-32.528,-40.123,-43.538,-46.918,-49.706
632.0,-28.829,-33.244,-40.818,-43.776,-46.392,-49.138
633.0,-27.496,-31.216,-38.982,-41.913,-44.826,-47.269
634.0,-27.366,-31.409,-38.481,-41.238,-43.860,-46.383
635.0,-29.169,-33.152,-40.878,-44.427,-47.570,-50.474
636.0,-30.840,-36.250,-42.815,-46.381,-49.618,-52.541
637.0,-29.970,-34.510,-43.620,-47.109,-50.784,-53.723
638.0,-24.946,-31.100,-39.034,-42.516,-45.860,-49.294
639.0,-24.892,-30.945,-38.035,-41.886,-45.216,-48.387
640.0,-25.162,-30.445,-36.650,-39.816,-42.560,-45.183
641.0,-22.656,-28.251,-34.040,-36.930,-39.339,-41.735
642.0,-22.707,-27.734,-34.319,-37.353,-40.129,-42.638
643.0,-24.433,-27.634,-36.778,-39.928,-42.832,-45.993
644.0,-23.317,-28.064,-35.451,-39.279,-42.807,-45.864
645.0,-22.009,-26.380,-33.816,-37.651,-41.470,-44.686
646.0,-22.034,-26.700,-33.378,-37.040,-40.421,-43.459
647.0,-22.059,-26.746,-34.320,-38.591,-42.345,-45.407
648.0,-17.891,-23.285,-30.433,-34.233,-37.446,-40.436
649.0,-16.443,-21.516,-28.272,-31.855,-35.257,-38.260
650.0,-20.167,-24.313,-32.254,-35.419,-38.201,-41.154
651.0,-19.298,-24.342,-31.667,-35.068,-38.674,-41.791
652.0,-19.220,-24.544,-32.868,-36.662,-40.373,-43.607
653.0,-18.696,-23.334,-31.010,-35.007,-38.503,-41.311
654.0,-19.664,-24.772,-31.692,-35.391,-38.566,-41.197
655.0,-17.778,-24.014,-29.626,-32.489,-35.911,-38.857
656.0,-20.481,-25.132,-32.596,-35.633,-38.493,-41.047
657.0,-19.801,-22.882,-29.851,-32.821,-35.849,-38.177
658.0,-20.237,-23.352,-30.021,-33.079,-36.226,-38.787
659.0,-19.931,-24.043,-31.703,-34.567,-37.702,-40.576
660.0,-18.752,-23.940,-30.885,-34.501,-37.792,-40.455
661.0,-22.126,-26.761,-33.948,-37.399,-40.416,-43.135
662.0,-21.464,-25.659,-32.891,-36.075,-39.109,-41.906
663.0,-20.476,-25.230,-32.147,-35.183,-38.368,-41.163
664.0,-19.350,-23.651,-30.822,-34.141,-37.278,-40.323
665.0,-18.553,-22.863,-29.966,-33.589,-37.012,-40.074
666.0,-17.842,-22.735,-29.042,-32.507,-35.590,-38.334
667.0,-19.885,-24.550,-31.872,-35.791,-39.002,-41.772
668.0,-20.654,-25.215,-33.322,-37.509,-40.795,-43.599
669.0,-19.795,-23.678,-31.790,-35.415,-39.033,-42.103
670.0,-16.895,-20.667,-28.571,-32.111,-35.378,-38.045
671.0,-18.260,-22.784,-30.320,-34.118,-37.632,-40.621
672.0,-20.710,-24.820,-33.866,-37.665,-41.009,-43.527
673.0,-19.481,-24.329,-32.346,-36.044,-39.228,-42.074
674.0,-25.398,-29.701,-38.650,-42.455,-45.754,-48.241
675.0,-28.525,-32.445,-41.185,-44.452,-47.612,-50.139
676.0,-38.222,-43.726,-53.294,-58.402,-62.347,-65.203
677.0,-36.253,-41.268,-50.419,-55.578,-59.439,-62.480
678.0,-34.558,-39.174,-47.577,-52.347,-56.244,-58.676
679.0,-35.587,-39.525,-48.677,-53.152,-56.902,-59.442
680.0,-34.528,-39.216,-48.834,-53.539,-57.203,-60.112
681.0,-34.601,-39.887,-49.185,-53.907,-57.378,-59.198
682.0,-35.161,-39.580,-49.417,-53.745,-58.004,-61.166
683.0,-37.044,-40.827,-51.289,-55.593,-59.720,-62.308
684.0,-35.737,-40.650,-49.518,-53.548,-57.469,-60.614
685.0,-32.989,-38.196,-45.071,-48.776,-52.210,-55.254
686.0,-34.096,-40.226,-48.636,-53.719,-57.756,-60.740
687.0,-33.751,-38.743,-46.949,-50.441,-54.055,-57.324
688.0,-36.040,-38.826,-44.765,-48.831,-52.480,-55.032
689.0,-32.752,-37.341,-44.274,-47.878,-51.394,-53.611
690.0,-31.197,-35.383,-43.023,-46.196,-49.848,-52.430
691.0,-32.963,-38.269,-47.264,-51.494,-55.746,-58.718
692.0,-37.010,-40.113,-49.542,-53.884,-57.361,-60.222
693.0,-29.453,-34.467,-42.851,-47.160,-51.107,-54.298
694.0,-27.275,-32.232,-41.121,-45.554,-48.862,-52.437
695.0,-31.107,-36.059,-43.962,-47.721,-51.166,-54.404
696.0,-29.284,-34.167,-41.502,-45.440,-48.893,-52.076
697.0,-27.191,-32.144,-38.967,-42.198,-44.936,-47.649
698.0,-27.478,-31.254,-38.903,-41.973,-45.020,-47.853
699.0,-29.035,-32.714,-40.488,-43.840,-47.218,-49.800
700.0,-33.672,-36.559,-45.679,-49.353,-52.640,-54.906
701.0,-32.786,-36.241,-44.854,-48.620,-51.521,-53.779
702.0,-32.272,-36.820,-43.491,-46.845,-49.777,-52.255
703.0,-34.724,-38.416,-46.035,-49.523,-52.814,-55.544
704.0,-34.988,-37.900,-45.087,-48.751,-52.250,-54.647
705.0,-31.749,-35.601,-44.287,-47.996,-51.484,-54.083
706.0,-31.157,-35.533,-45.084,-48.462,-50.968,-52.647
707.0,-33.908,-36.979,-44.098,-47.516,-50.519,-52.841
708.0,-30.308,-35.994,-43.316,-47.160,-50.579,-53.354
709.0,-30.704,-34.957,-42.863,-45.724,-48.373,-50.091
710.0,-31.516,-34.576,-41.502,-43.765,-46.754,-48.253
711.0,-31.915,-36.272,-43.257,-46.708,-49.974,-52.571
712.0,-30.244,-34.731,-42.428,-45.570,-48.802,-51.399
713.0,-26.942,-32.092,-39.877,-43.260,-46.111,-48.711
714.0,-29.882,-33.864,-41.619,-45.953,-49.443,-52.233
715.0,-29.071,-33.133,-41.154,-44.511,-47.497,-50.261
716.0,-29.128,-33.136,-40.992,-44.237,-47.414,-50.297
717.0,-29.489,-33.540,-41.423,-44.817,-48.014,-51.064
718.0,-30.913,-35.374,-44.433,-48.908,-53.107,-56.453
719.0,-31.954,-36.782,-45.578,-50.280,-54.355,-57.553
720.0,-32.586,-37.281,-45.322,-49.316,-52.661,-55.738
721.0,-32.374,-35.926,-45.165,-49.665,-53.363,-56.444
722.0,-32.805,-36.851,-44.196,-47.984,-51.454,-54.560
723.0,-34.744,-39.376,-48.811,-52.303,-55.694,-59.332
724.0,-38.643,-43.003,-52.471,-56.412,-59.779,-62.899
725.0,-35.339,-39.679,-48.503,-52.774,-56.561,-60.069
726.0,-37.022,-41.388,-50.820,-54.883,-58.518,-61.339
727.0,-34.121,-38.314,-46.770,-50.612,-54.341,-57.719
728.0,-46.457,-50.711,-63.811,-68.779,-70.963,-73.068
729.0,-40.258,-45.138,-56.678,-60.272,-64.336,-66.962
730.0,-40.402,-46.136,-55.278,-59.177,-62.992,-65.849
731.0,-39.206,-44.389,-54.077,-57.838,-61.067,-63.710
732.0,-42.477,-46.234,-56.779,-61.547,-64.637,-67.009
733.0,-44.241,-46.917,-54.998,-59.749,-62.547,-64.848
734.0,-36.466,-41.014,-50.625,-54.512,-57.172,-59.905
735.0,-42.735,-47.260,-59.120,-63.431,-66.071,-67.868
736.0,-38.955,-43.468,-54.283,-58.931,-62.146,-65.290
737.0,-43.844,-47.983,-60.745,-64.989,-67.089,-69.872
738.0,-42.018,-46.903,-58.144,-62.782,-66.135,-69.110
739.0,-39.705,-46.645,-54.797,-58.312,-61.821,-64.150
740.0,-44.220,-49.054,-60.103,-64.345,-66.703,-68.892
741.0,-42.154,-46.484,-57.732,-62.544,-64.870,-68.504
742.0,-44.725,-49.040,-60.884,-66.153,-67.199,-70.167
743.0,-41.390,-45.785,-57.141,-61.515,-64.109,-66.514
744.0,-42.651,-46.770,-57.378,-61.722,-64.161,-66.902
745.0,-38.765,-43.075,-54.278,-58.453,-61.270,-64.036
746.0,-39.305,-43.354,-53.617,-57.498,-60.933,-63.846
747.0,-42.516,-46.623,-57.419,-61.294,-64.902,-67.493
748.0,-43.472,-47.832,-57.771,-61.925,-65.219,-68.302
749.0,-47.682,-51.815,-61.947,-66.445,-69.184,-71.229
750.0,-51.341,-55.682,-65.644,-69.835,-71.861,-74.136
751.0,-49.384,-53.452,-63.272,-67.993,-68.206,-71.459
752.0,-51.170,-55.068,-64.454,-69.559,-69.321,-72.388
753.0,-52.088,-55.931,-65.896,-70.428,-70.185,-73.455
754.0,-51.479,-55.754,-65.343,-70.923,-71.630,-74.347
755.0,-67.773,-66.580,-75.402,-77.738,-78.395,-79.854
756.0,-67.930,-67.985,-74.385,-78.475,-78.617,-79.789
757.0,-69.009,-66.873,-77.052,-81.455,-81.026,-82.848
758.0,-25.241,-30.164,-37.449,-40.663,-43.593,-46.346
759.0,-19.524,-24.660,-31.364,-35.032,-38.615,-41.722
760.0,-22.372,-26.179,-34.681,-38.371,-41.812,-44.693
761.0,-20.110,-25.363,-32.850,-35.947,-39.213,-42.268
762.0,-20.917,-24.928,-33.564,-36.966,-40.126,-42.713
763.0,-21.999,-27.179,-34.936,-38.634,-41.649,-44.530
764.0,-19.162,-23.605,-30.599,-33.732,-36.720,-39.513
765.0,-20.233,-25.476,-32.315,-36.116,-39.785,-42.817
766.0,-19.766,-24.555,-32.327,-35.990,-39.851,-42.873
767.0,-20.275,-24.756,-31.621,-34.979,-38.386,-41.455
768.0,-21.884,-25.974,-33.911,-38.099,-41.865,-44.750
769.0,-21.264,-26.454,-33.398,-36.572,-39.675,-42.441
770.0,-22.968,-26.940,-35.209,-38.808,-42.760,-45.472
771.0,-23.602,-27.769,-37.233,-40.882,-44.403,-47.106
772.0,-21.933,-27.126,-35.880,-39.831,-43.574,-46.577
773.0,-22.302,-26.739,-35.004,-38.655,-42.162,-45.234
774.0,-22.496,-26.924,-35.189,-38.885,-42.241,-45.370
775.0,-24.819,-28.621,-37.436,-41.393,-44.958,-47.808
776.0,-28.997,-33.161,-41.428,-45.203,-49.095,-52.592
777.0,-26.530,-31.471,-38.736,-42.257,-45.466,-48.483
778.0,-28.685,-32.062,-41.505,-44.930,-49.083,-51.570
779.0,-29.887,-34.229,-43.692,-47.597,-51.104,-53.766
780.0,-29.464,-35.124,-43.919,-47.722,-51.452,-54.299
781.0,-29.589,-34.377,-43.571,-47.300,-50.677,-53.407
782.0,-30.992,-35.268,-43.839,-47.452,-50.940,-53.909
783.0,-31.937,-36.903,-45.803,-49.861,-52.861,-54.670
784.0,-29.565,-34.855,-42.525,-46.302,-49.337,-51.862
785.0,-26.045,-30.476,-38.758,-42.565,-45.972,-49.129
786.0,-26.535,-31.739,-39.354,-42.962,-46.310,-49.844
787.0,-30.132,-35.330,-43.031,-46.635,-49.927,-53.010
788.0,-26.887,-31.391,-40.244,-43.750,-47.097,-50.094
789.0,-22.806,-27.138,-35.763,-39.721,-43.553,-46.528
790.0,-21.572,-25.850,-34.020,-37.634,-41.505,-44.713
791.0,-21.768,-25.607,-34.117,-38.032,-41.581,-44.121
792.0,-19.843,-24.148,-31.627,-35.415,-38.954,-41.830
793.0,-20.639,-25.274,-32.020,-35.558,-38.646,-41.547
794.0,-23.164,-27.222,-35.488,-39.343,-42.996,-45.988
795.0,-24.993,-29.137,-37.763,-41.622,-45.296,-48.372
796.0,-26.838,-31.417,-40.250,-44.208,-47.769,-50.608
797.0,-31.779,-37.304,-46.991,-51.000,-54.449,-57.542
798.0,-36.661,-41.868,-52.062,-56.384,-59.734,-62.260
799.0,-31.774,-37.110,-46.625,-50.231,-53.510,-55.933
800.0,-26.949,-31.648,-40.725,-44.497,-48.062,-51.224
801.0,-29.690,-34.264,-44.034,-48.225,-51.832,-55.262
802.0,-25.389,-30.039,-39.079,-42.862,-46.366,-49.191
803.0,-26.821,-30.531,-40.353,-44.597,-48.020,-50.451
804.0,-27.578,-31.530,-39.998,-42.954,-46.149,-49.337
805.0,-27.273,-30.794,-40.467,-44.642,-47.889,-50.475
806.0,-28.947,-33.149,-40.854,-43.978,-47.007,-49.544
807.0,-28.457,-33.209,-42.582,-46.434,-49.902,-52.733
808.0,-23.168,-27.915,-37.116,-41.135,-44.537,-47.769
809.0,-26.526,-31.198,-41.325,-45.558,-48.987,-51.892
810.0,-21.568,-26.333,-34.819,-38.217,-41.267,-44.152
811.0,-24.742,-29.825,-37.566,-41.149,-44.567,-47.574
812.0,-23.148,-28.162,-35.562,-38.937,-42.253,-45.391
813.0,-25.288,-29.789,-37.984,-41.490,-45.245,-48.557
814.0,-25.984,-30.250,-38.627,-41.963,-45.320,-48.308
815.0,-27.440,-31.465,-41.940,-45.986,-49.443,-52.288
816.0,-25.870,-30.153,-38.542,-41.783,-44.824,-47.529
817.0,-25.012,-29.355,-37.571,-41.025,-44.496,-47.710
818.0,-24.073,-28.461,-36.772,-40.749,-44.816,-47.602
819.0,-22.354,-27.767,-36.307,-40.182,-43.791,-46.825
820.0,-21.609,-26.939,-35.426,-39.443,-43.171,-45.979
821.0,-20.146,-24.974,-31.423,-34.761,-37.580,-40.330
822.0,-20.392,-24.718,-31.103,-34.907,-38.214,-40.932
823.0,-20.145,-25.714,-32.129,-35.598,-39.175,-42.439
824.0,-20.757,-25.495,-32.934,-36.500,-39.919,-42.958
825.0,-23.129,-27.611,-36.305,-40.163,-43.822,-46.802
826.0,-24.896,-29.674,-39.031,-43.124,-46.661,-49.232
827.0,-23.876,-28.422,-36.669,-40.171,-43.279,-46.331
828.0,-24.399,-28.983,-37.268,-41.106,-44.660,-47.649
829.0,-21.717,-25.709,-33.024,-37.235,-40.992,-44.055
830.0,-21.630,-26.888,-32.897,-37.182,-40.893,-43.920
831.0,-21.773,-26.811,-33.346,-37.003,-40.507,-43.743
832.0,-21.035,-26.455,-33.520,-37.942,-41.192,-43.924
833.0,-22.437,-27.065,-34.978,-38.639,-42.007,-44.769
834.0,-21.691,-26.893,-34.855,-38.643,-42.073,-45.305
835.0,-22.894,-27.433,-35.765,-39.816,-43.369,-46.534
836.0,-22.899,-27.538,-34.905,-38.556,-42.221,-45.515
837.0,-33.302,-37.950,-47.135,-51.927,-55.790,-58.465
838.0,-34.629,-38.047,-45.776,-49.641,-53.200,-56.009
839.0,-33.065,-36.923,-45.706,-49.090,-52.165,-54.224
840.0,-31.819,-36.252,-43.587,-47.025,-49.975,-52.536
841.0,-31.042,-36.066,-42.960,-46.651,-50.028,-52.510
842.0,-30.587,-34.282,-41.697,-45.172,-48.196,-50.761
843.0,-27.860,-33.066,-40.560,-43.138,-46.090,-48.253
844.0,-28.641,-33.703,-40.308,-44.302,-48.170,-50.660
845.0,-27.801,-31.329,-39.146,-43.195,-46.742,-49.715
846.0,-26.281,-31.176,-37.085,-40.704,-44.013,-46.359
847.0,-31.248,-35.128,-42.285,-45.605,-49.051,-51.502
848.0,-32.576,-37.184,-44.934,-48.153,-51.720,-54.018
849.0,-30.182,-35.006,-42.198,-46.302,-49.601,-52.669
850.0,-30.415,-35.134,-44.652,-48.836,-52.344,-55.094
851.0,-30.293,-33.583,-43.959,-48.360,-51.848,-54.808
852.0,-34.422,-37.381,-48.404,-53.079,-56.575,-59.046
853.0,-34.560,-39.741,-47.002,-50.925,-54.532,-57.236
854.0,-37.840,-42.319,-49.456,-52.860,-56.129,-58.740
855.0,-35.902,-38.526,-46.535,-50.296,-54.048,-57.229
856.0,-31.425,-35.665,-44.803,-50.044,-53.138,-55.747
857.0,-28.347,-34.088,-40.728,-44.033,-47.386,-49.785
858.0,-26.770,-32.714,-38.907,-42.585,-46.515,-49.163
859.0,-28.846,-33.878,-40.311,-43.651,-46.644,-49.684
860.0,-30.310,-35.314,-43.458,-46.949,-50.351,-53.244
861.0,-27.135,-32.197,-38.638,-41.512,-44.690,-47.035
862.0,-23.044,-27.635,-33.283,-36.690,-40.117,-42.647
863.0,-24.617,-29.191,-34.846,-39.173,-42.480,-45.060
864.0,-24.846,-29.539,-34.716,-40.450,-43.971,-46.615
865.0,-25.195,-29.741,-35.062,-39.141,-42.245,-44.811
866.0,-27.321,-33.198,-38.448,-42.419,-45.637,-47.981
867.0,-29.775,-33.151,-40.576,-45.622,-49.190,-52.146
868.0,-31.485,-34.581,-42.750,-47.846,-50.700,-53.460
869.0,-32.019,-34.400,-43.124,-47.163,-50.213,-52.854
870.0,-31.334,-37.097,-44.877,-47.822,-50.771,-53.469
871.0,-30.946,-35.383,-42.344,-45.622,-49.307,-51.612
872.0,-29.854,-33.966,-40.312,-43.937,-47.876,-50.534
873.0,-33.498,-38.236,-46.197,-51.582,-55.001,-57.888
874.0,-33.841,-38.224,-46.027,-49.317,-52.166,-54.412
875.0,-34.349,-38.713,-47.809,-51.257,-54.324,-56.925
876.0,-32.334,-36.508,-45.372,-49.273,-52.472,-55.378
877.0,-31.279,-35.596,-42.419,-45.301,-48.719,-51.331
878.0,-29.249,-35.062,-42.457,-45.629,-49.046,-51.765
879.0,-30.485,-35.787,-42.999,-47.136,-50.832,-53.505
880.0,-30.951,-33.804,-42.310,-46.731,-50.197,-53.090
881.0,-28.585,-33.862,-41.453,-45.096,-48.181,-49.904
882.0,-31.273,-35.676,-43.031,-46.289,-49.384,-51.871
883.0,-32.450,-37.052,-46.054,-49.872,-53.259,-55.802
884.0,-31.132,-35.256,-44.010,-47.550,-51.008,-53.905
885.0,-30.705,-34.377,-43.816,-47.299,-50.690,-53.294
886.0,-32.765,-36.422,-46.246,-49.868,-53.339,-55.705
887.0,-37.591,-40.137,-50.822,-55.064,-59.264,-62.532
888.0,-39.041,-43.804,-50.859,-54.298,-57.281,-59.874
889.0,-42.479,-46.631,-54.081,-57.355,-60.105,-62.279
890.0,-43.652,-48.259,-55.351,-59.037,-61.645,-63.689
891.0,-38.675,-44.106,-51.430,-55.922,-59.657,-62.384
892.0,-36.392,-41.176,-50.476,-54.797,-57.614,-59.957
893.0,-34.991,-40.680,-48.802,-53.519,-57.102,-58.789
894.0,-36.275,-40.497,-52.798,-55.809,-59.057,-61.075
895.0,-35.580,-40.711,-51.908,-56.788,-60.898,-63.670
896.0,-33.587,-38.531,-47.820,-51.492,-55.324,-58.488
897.0,-32.333,-36.392,-45.820,-49.408,-52.880,-56.226
898.0,-31.357,-35.441,-44.252,-49.083,-52.688,-54.865
899.0,-33.103,-37.813,-43.380,-47.055,-50.579,-53.593
900.0,-34.160,-38.822,-44.977,-49.272,-53.141,-55.420
901.0,-32.788,-37.022,-41.755,-46.161,-49.542,-51.646
902.0,-33.072,-37.643,-44.451,-48.826,-52.682,-54.962
903.0,-30.980,-35.909,-46.051,-50.316,-54.241,-56.998
904.0,-30.258,-35.476,-45.393,-49.557,-53.229,-56.136
905.0,-27.361,-32.624,-40.958,-45.322,-49.347,-52.265
906.0,-30.621,-35.139,-45.167,-49.047,-52.661,-55.307
907.0,-30.068,-35.424,-44.893,-48.778,-52.658,-56.057
908.0,-31.808,-36.752,-45.594,-49.456,-53.207,-57.146
909.0,-34.061,-38.083,-47.955,-52.066,-56.188,-59.416
910.0,-31.603,-36.303,-45.250,-48.900,-51.997,-54.151
911.0,-29.758,-34.375,-42.042,-45.632,-48.799,-51.501
912.0,-30.301,-35.277,-46.073,-50.221,-53.319,-55.871
913.0,-28.704,-33.383,-43.374,-47.124,-50.416,-53.027
914.0,-25.274,-31.009,-38.490,-42.463,-46.297,-49.327
915.0,-25.007,-29.532,-37.315,-41.638,-45.291,-47.711
916.0,-22.308,-26.654,-33.722,-38.087,-42.126,-44.589
917.0,-23.774,-30.030,-37.206,-40.717,-45.297,-48.019
918.0,-34.248,-37.709,-46.651,-49.526,-52.727,-54.640
919.0,-31.390,-34.977,-43.789,-47.095,-50.187,-52.916
920.0,-34.770,-39.336,-48.249,-51.703,-55.136,-58.206
921.0,-39.150,-44.008,-52.262,-55.900,-59.466,-62.763
922.0,-33.114,-37.863,-45.120,-48.793,-52.250,-54.447
923.0,-32.563,-36.165,-46.612,-50.519,-54.085,-57.164
924.0,-28.549,-33.186,-41.868,-45.577,-48.855,-51.888
925.0,-27.915,-33.291,-41.772,-45.656,-48.671,-51.509
926.0,-28.386,-33.334,-43.232,-47.329,-50.629,-53.523
927.0,-26.135,-30.417,-40.463,-44.305,-47.427,-50.108
928.0,-22.489,-28.104,-35.905,-39.506,-43.608,-46.209
929.0,-20.286,-25.305,-31.195,-34.936,-38.366,-40.861
930.0,-22.093,-28.502,-35.941,-39.358,-42.851,-45.526
931.0,-21.520,-27.098,-35.134,-39.089,-42.462,-45.065
932.0,-20.335,-25.887,-31.992,-35.812,-39.320,-42.341
933.0,-21.516,-27.187,-33.106,-36.453,-39.393,-42.188
934.0,-20.321,-25.469,-32.123,-35.598,-38.900,-41.819
935.0,-21.379,-26.443,-32.190,-35.274,-38.063,-40.328
936.0,-20.452,-25.171,-32.760,-36.407,-39.761,-42.593
937.0,-21.411,-25.448,-31.809,-35.881,-39.512,-42.554
938.0,-20.363,-24.895,-32.436,-36.548,-39.960,-42.899
939.0,-22.287,-26.618,-33.040,-37.718,-40.972,-43.899
940.0,-21.784,-27.053,-32.708,-36.133,-39.611,-42.461
941.0,-20.125,-25.106,-31.732,-34.734,-37.427,-39.942
942.0,-22.350,-27.347,-33.426,-36.714,-40.378,-42.613
943.0,-19.754,-25.595,-31.862,-35.195,-38.513,-41.209
944.0,-20.535,-25.391,-33.337,-36.352,-39.333,-42.126
945.0,-19.357,-24.278,-32.115,-35.784,-39.294,-42.084
946.0,-19.911,-25.029,-32.733,-36.145,-39.483,-42.118
947.0,-20.565,-26.011,-33.308,-36.782,-40.424,-43.238
948.0,-20.677,-25.371,-33.035,-36.936,-40.658,-43.694
949.0,-21.638,-26.841,-34.259,-38.394,-41.718,-44.449
950.0,-20.982,-24.898,-32.651,-36.735,-40.241,-43.058
951.0,-20.520,-25.196,-33.023,-37.179,-40.774,-43.655
952.0,-19.852,-24.258,-31.886,-36.197,-39.884,-42.877
953.0,-20.156,-24.008,-31.065,-35.014,-38.398,-41.141
954.0,-20.241,-24.462,-31.550,-34.538,-37.522,-40.177
955.0,-19.813,-24.650,-31.785,-35.089,-38.688,-41.485
956.0,-21.591,-25.125,-33.178,-36.728,-40.434,-42.888
957.0,-18.731,-23.799,-31.193,-35.226,-38.953,-41.787
958.0,-18.416,-23.117,-30.097,-33.825,-36.801,-39.169
959.0,-18.804,-22.684,-29.580,-32.835,-35.857,-38.333
960.0,-17.215,-21.926,-29.424,-33.445,-37.074,-40.223
961.0,-17.078,-21.028,-27.792,-31.354,-34.630,-37.489
962.0,-16.889,-22.396,-29.087,-32.639,-36.358,-39.379
963.0,-18.554,-22.606,-29.381,-33.359,-37.071,-40.718
964.0,-20.331,-24.669,-31.405,-35.679,-39.420,-42.607
965.0,-18.181,-23.191,-29.734,-33.827,-37.658,-40.638
966.0,-18.558,-23.415,-31.712,-35.747,-39.574,-42.723
967.0,-18.299,-22.482,-31.124,-35.143,-38.446,-41.728
968.0,-19.164,-23.665,-31.998,-35.910,-39.314,-42.139
969.0,-18.697,-24.147,-30.883,-34.448,-37.683,-40.670
970.0,-18.979,-23.817,-30.765,-34.211,-37.597,-40.397
971.0,-22.757,-26.172,-33.035,-37.717,-41.121,-44.803
972.0,-20.902,-25.954,-32.058,-36.046,-39.451,-42.343
973.0,-22.101,-26.716,-33.250,-37.148,-40.199,-42.646
974.0,-18.775,-23.974,-30.748,-34.521,-37.904,-40.236
975.0,-18.076,-23.228,-31.251,-35.087,-38.860,-41.848
976.0,-19.141,-23.236,-30.676,-33.751,-36.633,-39.225
977.0,-15.717,-20.694,-27.886,-31.263,-34.508,-37.339
978.0,-17.421,-21.662,-28.602,-32.227,-35.862,-38.852
979.0,-23.821,-28.563,-37.256,-41.069,-44.774,-47.322
980.0,-52.633,-55.327,-64.727,-70.116,-73.998,-75.418
981.0,-65.853,-63.560,-74.784,-80.053,-79.404,-82.365
982.0,-67.689,-65.709,-76.489,-79.851,-81.100,-81.912
983.0,-68.309,-68.732,-77.570,-80.961,-82.456,-83.036
