t_start_s,zm1_order0_dBFS,zm1_order1_dBFS,zm1_order2_dBFS,zm1_order3_dBFS,spcmic_order0_dBFS,spcmic_order1_dBFS,spcmic_order2_dBFS,spcmic_order3_dBFS,diff_order0_dB,diff_order1_dB,diff_order2_dB,diff_order3_dB
0.0,-59.012,-75.153,-87.677,-89.340,-43.642,-47.532,-50.379,-52.128,-15.369,-27.621,-37.297,-37.212
1.0,-55.513,-67.461,-82.557,-86.206,-40.855,-44.016,-47.659,-49.342,-14.657,-23.445,-34.899,-36.865
2.0,-62.164,-78.392,-86.562,-88.300,-36.358,-40.926,-43.211,-44.817,-25.806,-37.467,-43.350,-43.483
3.0,-64.011,-78.135,-86.631,-88.460,-38.361,-42.109,-45.250,-46.851,-25.651,-36.026,-41.380,-41.609
4.0,-63.986,-78.839,-87.800,-89.317,-35.346,-38.500,-42.001,-43.870,-28.639,-40.339,-45.800,-45.446
5.0,-63.080,-79.291,-87.787,-89.327,-35.385,-38.678,-41.938,-43.909,-27.695,-40.613,-45.849,-45.418
6.0,-63.197,-78.834,-87.793,-89.384,-36.075,-40.228,-42.660,-44.554,-27.122,-38.606,-45.134,-44.829
7.0,-38.374,-50.899,-73.982,-85.759,-34.954,-38.693,-41.781,-43.433,-3.419,-12.206,-32.200,-42.326
8.0,-36.678,-48.536,-70.377,-85.447,-32.567,-37.153,-39.349,-41.041,-4.111,-11.382,-31.027,-44.406
9.0,-35.206,-45.236,-63.497,-76.793,-33.040,-37.855,-39.827,-41.561,-2.166,-7.380,-23.669,-35.232
10.0,-30.480,-41.831,-59.449,-71.322,-33.649,-36.387,-40.410,-42.167,3.169,-5.444,-19.039,-29.155
11.0,-32.795,-43.603,-61.770,-73.118,-30.191,-34.757,-36.775,-38.626,-2.605,-8.846,-24.995,-34.492
12.0,-30.325,-39.863,-58.247,-68.498,-27.470,-32.551,-34.205,-35.900,-2.856,-7.312,-24.042,-32.598
13.0,-31.272,-39.797,-56.138,-66.395,-28.633,-33.355,-34.002,-37.250,-2.640,-6.442,-22.136,-29.145
14.0,-31.149,-42.184,-59.639,-70.110,-29.675,-33.363,-33.234,-38.365,-1.474,-8.821,-26.405,-31.745
15.0,-29.635,-39.865,-55.593,-66.439,-31.562,-36.142,-38.089,-40.033,1.927,-3.723,-17.504,-26.406
16.0,-27.019,-38.230,-54.179,-64.024,-33.061,-37.363,-40.194,-41.487,6.042,-0.867,-13.984,-22.537
17.0,-27.363,-38.564,-55.884,-65.395,-35.281,-38.552,-42.222,-43.719,7.918,-0.012,-13.661,-21.676
18.0,-29.466,-38.073,-53.993,-62.878,-33.256,-37.482,-40.246,-41.709,3.790,-0.591,-13.748,-21.169
19.0,-25.300,-35.071,-51.435,-61.884,-34.794,-37.360,-41.141,-43.286,9.494,2.289,-10.294,-18.598
20.0,-23.081,-32.888,-49.575,-57.572,-40.819,-43.749,-46.163,-49.268,17.738,10.861,-3.412,-8.304
21.0,-28.596,-34.915,-46.080,-57.155,-36.400,-41.467,-43.455,-44.866,7.804,6.551,-2.625,-12.289
22.0,-28.762,-34.946,-46.664,-59.863,-32.319,-37.318,-39.296,-40.799,3.557,2.372,-7.368,-19.063
23.0,-26.934,-36.475,-52.101,-63.287,-35.217,-37.768,-41.857,-43.701,8.283,1.293,-10.243,-19.586
24.0,-28.816,-38.881,-54.339,-64.473,-35.461,-37.139,-41.877,-43.960,6.645,-1.742,-12.462,-20.513
25.0,-29.486,-39.336,-55.360,-66.317,-34.734,-38.562,-41.596,-43.188,5.247,-0.775,-13.764,-23.129
26.0,-27.951,-38.918,-53.517,-63.421,-37.595,-41.213,-44.342,-46.068,9.644,2.296,-9.176,-17.353
27.0,-30.892,-38.650,-56.974,-66.714,-35.293,-40.099,-42.166,-43.781,4.401,1.449,-14.808,-22.933
28.0,-36.940,-44.248,-60.711,-74.222,-34.654,-39.065,-41.477,-43.145,-2.286,-5.183,-19.234,-31.077
29.0,-30.901,-42.782,-59.500,-72.326,-33.639,-38.494,-40.214,-42.141,2.737,-4.288,-19.286,-30.185
30.0,-27.138,-39.450,-53.918,-65.594,-39.331,-43.177,-45.829,-47.819,12.193,3.726,-8.089,-17.775
31.0,-30.804,-38.114,-55.589,-64.158,-39.971,-44.274,-46.833,-48.403,9.167,6.159,-8.755,-15.755
32.0,-32.802,-38.660,-55.547,-63.602,-40.832,-45.427,-47.666,-49.296,8.030,6.767,-7.881,-14.306
33.0,-30.116,-39.804,-57.130,-67.942,-42.799,-47.104,-49.443,-51.279,12.683,7.300,-7.688,-16.663
34.0,-31.710,-42.935,-60.714,-71.676,-35.476,-39.589,-40.783,-43.931,3.766,-3.346,-19.931,-27.745
35.0,-30.083,-41.711,-58.008,-69.187,-29.979,-36.227,-37.717,-38.338,-0.104,-5.484,-20.292,-30.849
36.0,-29.921,-40.462,-56.141,-67.302,-26.850,-31.565,-34.614,-35.274,-3.071,-8.897,-21.527,-32.028
37.0,-28.628,-40.209,-56.682,-69.238,-25.758,-29.786,-30.579,-34.434,-2.869,-10.424,-26.103,-34.804
38.0,-34.859,-44.544,-63.300,-76.194,-29.527,-33.351,-35.889,-38.105,-5.332,-11.193,-27.411,-38.089
39.0,-34.839,-45.906,-65.674,-79.224,-32.202,-35.466,-39.401,-40.649,-2.637,-10.440,-26.274,-38.576
40.0,-35.593,-47.310,-67.085,-81.918,-33.957,-38.002,-40.926,-42.408,-1.636,-9.309,-26.159,-39.510
41.0,-37.930,-49.633,-67.897,-82.093,-31.703,-36.220,-38.300,-40.137,-6.227,-13.414,-29.597,-41.956
42.0,-33.296,-39.697,-54.398,-65.438,-30.935,-34.003,-38.019,-39.362,-2.361,-5.693,-16.379,-26.076
43.0,-28.181,-36.545,-49.820,-58.509,-27.988,-32.248,-34.941,-36.399,-0.194,-4.296,-14.879,-22.110
44.0,-25.499,-32.223,-45.485,-54.326,-26.543,-30.751,-32.522,-35.015,1.044,-1.472,-12.963,-19.311
45.0,-24.455,-31.036,-40.581,-52.678,-26.031,-30.792,-33.351,-34.454,1.576,-0.244,-7.230,-18.223
46.0,-28.035,-35.008,-46.748,-55.238,-23.867,-28.123,-30.857,-32.310,-4.168,-6.886,-15.891,-22.927
47.0,-29.090,-35.603,-48.969,-59.151,-23.303,-27.939,-29.645,-31.949,-5.787,-7.665,-19.324,-27.202
48.0,-30.868,-39.060,-56.879,-66.410,-25.677,-31.256,-33.732,-33.950,-5.190,-7.804,-23.147,-32.460
49.0,-27.784,-36.043,-52.647,-62.018,-30.082,-33.469,-36.427,-38.545,2.298,-2.574,-16.220,-23.473
50.0,-27.805,-33.951,-49.139,-58.008,-33.522,-38.047,-38.572,-42.142,5.717,4.096,-10.568,-15.866
51.0,-23.840,-31.787,-47.976,-55.905,-32.242,-37.173,-38.881,-40.687,8.402,5.386,-9.095,-15.217
52.0,-24.565,-31.426,-41.721,-51.353,-29.105,-33.451,-36.034,-37.530,4.540,2.024,-5.687,-13.823
53.0,-24.428,-31.705,-41.283,-51.515,-28.569,-32.271,-35.752,-36.995,4.141,0.567,-5.532,-14.520
54.0,-22.992,-29.021,-38.799,-48.222,-28.088,-33.023,-34.954,-36.515,5.096,4.002,-3.845,-11.707
55.0,-22.972,-29.194,-34.656,-41.043,-29.547,-33.349,-36.252,-38.007,6.575,4.156,1.596,-3.035
56.0,-25.414,-31.697,-38.280,-49.283,-26.144,-31.018,-33.134,-34.624,0.730,-0.678,-5.146,-14.659
57.0,-27.513,-34.961,-45.677,-56.970,-26.403,-30.553,-33.478,-34.860,-1.110,-4.408,-12.198,-22.110
58.0,-32.138,-40.880,-51.029,-63.386,-24.719,-29.277,-31.385,-33.179,-7.419,-11.603,-19.644,-30.206
59.0,-27.717,-37.030,-54.628,-64.460,-25.868,-30.855,-32.482,-34.345,-1.849,-6.176,-22.145,-30.115
60.0,-24.347,-33.025,-48.042,-56.385,-26.450,-31.002,-33.138,-35.006,2.103,-2.022,-14.904,-21.379
61.0,-25.287,-33.247,-48.472,-57.804,-25.131,-30.382,-31.910,-33.620,-0.156,-2.865,-16.562,-24.183
62.0,-23.460,-33.061,-50.382,-59.022,-23.969,-28.909,-30.774,-32.422,0.509,-4.152,-19.608,-26.600
63.0,-24.262,-34.206,-49.443,-57.252,-22.787,-27.701,-28.436,-31.303,-1.475,-6.505,-21.007,-25.950
64.0,-22.441,-32.609,-45.973,-53.405,-23.254,-27.224,-28.097,-32.003,0.813,-5.385,-17.877,-21.402
65.0,-22.096,-31.209,-46.067,-53.309,-26.190,-29.440,-31.932,-34.708,4.093,-1.768,-14.135,-18.601
66.0,-19.872,-29.894,-43.251,-50.479,-30.289,-34.234,-37.100,-38.765,10.416,4.340,-6.150,-11.714
67.0,-21.832,-32.256,-43.830,-51.116,-29.587,-34.128,-36.361,-37.997,7.755,1.872,-7.469,-13.118
68.0,-20.987,-32.662,-43.910,-51.355,-29.709,-34.597,-36.702,-38.166,8.722,1.935,-7.209,-13.189
69.0,-20.250,-31.809,-44.469,-51.356,-34.162,-39.306,-40.834,-42.651,13.912,7.496,-3.635,-8.705
70.0,-20.055,-29.647,-41.718,-49.113,-40.093,-44.449,-46.606,-48.588,20.039,14.802,4.888,-0.526
71.0,-22.140,-28.690,-39.199,-49.004,-33.802,-38.252,-40.574,-42.291,11.662,9.562,1.375,-6.713
72.0,-23.600,-29.184,-34.863,-46.372,-38.895,-43.626,-45.792,-47.387,15.295,14.442,10.929,1.015
73.0,-26.997,-31.796,-37.506,-48.477,-36.613,-40.779,-43.353,-45.132,9.616,8.982,5.847,-3.345
74.0,-26.578,-33.600,-47.416,-55.465,-43.253,-47.095,-50.163,-51.723,16.675,13.495,2.748,-3.741
75.0,-26.247,-34.957,-50.931,-59.134,-36.447,-40.811,-43.511,-44.844,10.201,5.854,-7.421,-14.290
76.0,-24.983,-35.988,-51.097,-60.172,-36.103,-40.596,-43.062,-44.533,11.120,4.608,-8.035,-15.639
77.0,-30.516,-42.219,-57.011,-66.514,-36.134,-40.090,-43.100,-44.560,5.618,-2.129,-13.911,-21.954
78.0,-33.773,-44.761,-58.626,-69.173,-33.007,-37.603,-40.081,-41.448,-0.765,-7.158,-18.545,-27.725
79.0,-28.817,-40.203,-54.518,-65.255,-33.306,-36.638,-40.520,-41.746,4.489,-3.565,-13.998,-23.509
80.0,-34.211,-44.740,-60.242,-70.950,-35.343,-39.366,-43.008,-43.730,1.132,-5.374,-17.234,-27.220
81.0,-32.428,-42.039,-58.530,-67.528,-29.874,-33.269,-35.575,-38.287,-2.554,-8.770,-22.955,-29.241
82.0,-37.926,-49.088,-64.265,-76.396,-31.869,-35.095,-38.562,-40.322,-6.057,-13.994,-25.703,-36.074
83.0,-32.363,-41.445,-58.299,-69.877,-30.668,-35.372,-37.153,-39.175,-1.695,-6.072,-21.146,-30.702
84.0,-33.676,-42.877,-58.591,-71.861,-29.777,-34.154,-36.390,-38.227,-3.899,-8.723,-22.200,-33.635
85.0,-31.951,-40.664,-56.298,-67.962,-33.432,-37.868,-38.966,-41.922,1.482,-2.796,-17.332,-26.040
86.0,-30.979,-39.289,-54.366,-63.907,-31.646,-36.212,-38.306,-40.188,0.667,-3.077,-16.061,-23.719
87.0,-28.350,-36.453,-52.281,-62.491,-28.459,-33.271,-36.285,-36.817,0.109,-3.182,-15.996,-25.673
88.0,-31.091,-40.512,-55.990,-67.028,-32.391,-38.132,-40.150,-40.750,1.299,-2.380,-15.840,-26.277
89.0,-26.277,-35.043,-43.498,-55.382,-32.393,-35.846,-39.115,-40.868,6.117,0.803,-4.382,-14.515
90.0,-27.603,-35.102,-48.742,-56.918,-31.381,-36.365,-38.264,-39.818,3.779,1.263,-10.479,-17.099
91.0,-26.419,-36.116,-51.378,-59.755,-34.937,-39.785,-42.049,-43.419,8.518,3.670,-9.329,-16.337
92.0,-25.834,-34.858,-53.130,-61.792,-32.249,-37.195,-39.532,-40.697,6.415,2.337,-13.598,-21.095
93.0,-30.291,-38.889,-52.660,-62.937,-32.894,-36.797,-39.527,-41.344,2.603,-2.092,-13.133,-21.593
94.0,-27.735,-37.899,-49.723,-60.384,-29.669,-32.895,-36.806,-38.106,1.934,-5.004,-12.917,-22.277
95.0,-26.358,-34.517,-49.554,-57.529,-32.754,-37.177,-40.292,-41.173,6.397,2.660,-9.261,-16.356
96.0,-29.993,-39.297,-54.575,-64.662,-27.785,-31.320,-33.427,-36.191,-2.209,-7.977,-21.149,-28.471
97.0,-28.019,-37.158,-51.890,-59.308,-27.742,-31.436,-34.393,-36.228,-0.277,-5.722,-17.497,-23.080
98.0,-27.624,-37.533,-53.698,-64.724,-25.960,-30.222,-32.703,-34.419,-1.664,-7.311,-20.995,-30.305
99.0,-31.186,-40.322,-49.723,-63.341,-24.798,-28.265,-31.324,-33.567,-6.388,-12.058,-18.399,-29.774
100.0,-30.050,-38.270,-52.563,-63.371,-27.613,-30.737,-34.359,-36.185,-2.436,-7.533,-18.204,-27.185
101.0,-29.222,-37.126,-53.147,-60.589,-23.445,-28.279,-31.699,-31.827,-5.777,-8.847,-21.448,-28.762
102.0,-25.735,-33.192,-46.375,-54.698,-26.563,-31.142,-34.537,-35.051,0.829,-2.050,-11.838,-19.646
103.0,-28.957,-38.567,-54.161,-63.945,-27.111,-30.130,-33.439,-35.608,-1.846,-8.437,-20.722,-28.337
104.0,-24.193,-32.168,-41.671,-52.573,-25.504,-28.481,-29.901,-34.029,1.311,-3.687,-11.770,-18.544
105.0,-24.576,-32.198,-45.014,-53.194,-25.869,-29.686,-31.741,-34.338,1.294,-2.513,-13.273,-18.857
106.0,-23.756,-31.363,-46.249,-54.004,-28.128,-31.455,-33.553,-36.639,4.372,0.092,-12.696,-17.364
107.0,-22.307,-29.387,-35.290,-47.294,-31.774,-34.520,-36.813,-40.281,9.466,5.133,1.523,-7.013
108.0,-24.768,-32.049,-39.504,-50.412,-33.359,-36.046,-40.043,-41.812,8.591,3.997,0.540,-8.600
109.0,-21.791,-29.700,-41.845,-49.742,-35.118,-39.103,-42.113,-43.549,13.327,9.402,0.268,-6.192
110.0,-24.047,-31.001,-41.886,-49.760,-33.107,-37.490,-41.586,-41.506,9.060,6.489,-0.300,-8.254
111.0,-23.686,-31.320,-41.535,-50.103,-30.889,-34.125,-36.347,-39.331,7.203,2.804,-5.188,-10.772
112.0,-22.905,-28.804,-41.347,-49.933,-28.390,-32.449,-34.838,-36.863,5.485,3.645,-6.509,-13.070
113.0,-22.972,-30.451,-43.640,-52.004,-34.495,-38.073,-41.772,-42.881,11.523,7.622,-1.868,-9.123
114.0,-26.853,-32.703,-46.173,-55.138,-33.901,-37.451,-40.698,-42.374,7.049,4.748,-5.475,-12.764
115.0,-28.731,-35.408,-51.235,-61.140,-35.545,-38.707,-42.473,-44.045,6.814,3.298,-8.762,-17.095
116.0,-30.756,-37.014,-53.388,-63.753,-29.729,-33.824,-36.150,-38.220,-1.027,-3.189,-17.238,-25.533
117.0,-31.090,-40.172,-57.728,-69.334,-32.315,-36.669,-39.059,-40.811,1.225,-3.503,-18.669,-28.523
118.0,-31.053,-37.383,-51.788,-61.296,-31.464,-34.051,-38.365,-39.870,0.411,-3.333,-13.423,-21.426
119.0,-27.245,-34.618,-48.953,-58.925,-27.219,-32.004,-34.429,-35.672,-0.026,-2.614,-14.523,-23.253
120.0,-25.756,-33.466,-49.305,-59.036,-25.627,-29.748,-32.381,-34.082,-0.129,-3.718,-16.923,-24.955
121.0,-31.185,-39.694,-55.670,-65.793,-25.078,-29.451,-31.718,-33.496,-6.107,-10.243,-23.952,-32.296
122.0,-29.008,-38.453,-54.644,-63.840,-24.861,-28.920,-30.159,-33.450,-4.147,-9.533,-24.485,-30.390
123.0,-31.263,-40.270,-55.252,-63.616,-21.740,-25.752,-28.161,-30.332,-9.522,-14.519,-27.091,-33.285
124.0,-26.016,-34.738,-49.147,-56.977,-22.249,-26.684,-29.011,-30.691,-3.767,-8.054,-20.136,-26.286
125.0,-27.191,-36.163,-50.569,-57.058,-20.899,-25.256,-26.116,-29.485,-6.293,-10.907,-24.453,-27.574
126.0,-26.721,-34.371,-48.846,-56.192,-18.692,-23.751,-25.076,-27.163,-8.029,-10.620,-23.771,-29.029
127.0,-24.103,-33.152,-47.856,-55.225,-28.940,-33.449,-36.286,-37.307,4.837,0.297,-11.571,-17.918
128.0,-21.250,-30.324,-44.568,-51.595,-22.793,-25.533,-29.818,-31.172,1.543,-4.791,-14.750,-20.423
129.0,-21.645,-29.289,-42.626,-49.799,-32.622,-36.776,-39.336,-41.041,10.977,7.487,-3.290,-8.758
130.0,-21.800,-29.133,-40.614,-48.661,-60.450,-63.158,-67.128,-68.675,38.650,34.025,26.514,20.015
131.0,-18.495,-26.330,-38.222,-44.526,-45.917,-49.210,-52.877,-54.343,27.422,22.880,14.655,9.817
132.0,-20.911,-28.122,-36.870,-45.508,-37.793,-40.762,-44.670,-46.273,16.882,12.641,7.800,0.765
133.0,-19.878,-26.038,-34.925,-43.569,-39.959,-41.175,-46.344,-48.444,20.080,15.137,11.419,4.874
134.0,-16.897,-25.551,-34.789,-42.359,-34.972,-39.005,-41.595,-43.429,18.075,13.454,6.806,1.070
135.0,-30.194,-38.778,-49.079,-55.935,-37.406,-41.036,-41.419,-46.174,7.213,2.258,-7.660,-9.760
136.0,-18.477,-26.671,-39.168,-44.310,-29.884,-35.413,-37.203,-38.248,11.407,8.743,-1.964,-6.062
137.0,-30.866,-41.131,-50.302,-56.223,-31.388,-36.902,-39.768,-39.701,0.521,-4.228,-10.534,-16.522
138.0,-59.739,-68.103,-72.510,-78.411,-35.965,-40.982,-42.595,-44.537,-23.775,-27.121,-29.915,-33.875
139.0,-39.236,-48.628,-65.822,-77.598,-41.345,-45.918,-48.256,-49.814,2.108,-2.711,-17.566,-27.784
140.0,-32.423,-41.059,-60.467,-71.793,-35.868,-40.068,-42.363,-44.341,3.445,-0.991,-18.103,-27.453
141.0,-35.261,-42.844,-62.900,-74.535,-29.545,-34.552,-36.567,-37.986,-5.716,-8.292,-26.333,-36.549
142.0,-30.720,-39.901,-58.924,-70.293,-27.725,-32.321,-35.348,-36.108,-2.995,-7.580,-23.576,-34.186
143.0,-36.233,-42.521,-55.510,-72.601,-26.107,-32.744,-33.815,-34.409,-10.125,-9.776,-21.696,-38.191
144.0,-29.685,-35.487,-42.057,-59.692,-30.615,-40.022,-37.549,-39.082,0.930,4.535,-4.507,-20.610
145.0,-30.869,-37.943,-44.980,-61.409,-40.654,-48.726,-47.444,-49.173,9.785,10.784,2.464,-12.237
146.0,-31.986,-41.087,-51.128,-64.511,-40.038,-44.960,-47.822,-48.435,8.052,3.873,-3.306,-16.076
147.0,-36.450,-46.578,-64.289,-75.980,-39.954,-45.003,-47.331,-48.353,3.504,-1.575,-16.958,-27.627
148.0,-31.320,-40.375,-56.111,-66.219,-53.909,-60.669,-61.279,-62.375,22.589,20.294,5.168,-3.844
149.0,-25.671,-35.173,-48.853,-55.589,-52.915,-58.208,-61.501,-61.288,27.244,23.035,12.648,5.699
150.0,-25.777,-33.965,-46.460,-52.659,-36.005,-40.949,-42.772,-44.481,10.228,6.983,-3.688,-8.178
151.0,-22.365,-33.843,-43.164,-49.224,-34.851,-37.437,-41.229,-43.355,12.486,3.594,-1.935,-5.869
152.0,-26.635,-42.818,-53.957,-60.381,-32.422,-36.884,-39.156,-40.856,5.787,-5.934,-14.801,-19.526
153.0,-36.149,-50.376,-65.971,-73.970,-33.548,-38.650,-40.013,-41.981,-2.601,-11.726,-25.959,-31.989
154.0,-34.442,-44.949,-62.210,-74.748,-30.385,-36.266,-37.638,-38.823,-4.057,-8.682,-24.572,-35.925
155.0,-37.821,-47.519,-66.093,-78.772,-29.342,-35.282,-37.917,-37.791,-8.479,-12.237,-28.176,-40.981
156.0,-50.747,-64.585,-78.819,-86.177,-36.391,-42.320,-44.294,-44.865,-14.356,-22.265,-34.525,-41.312
157.0,-46.154,-56.463,-69.772,-84.978,-41.367,-45.577,-48.192,-49.850,-4.787,-10.886,-21.580,-35.129
158.0,-32.118,-41.908,-58.596,-69.140,-31.839,-36.881,-38.501,-40.332,-0.279,-5.026,-20.095,-28.808
159.0,-31.119,-38.458,-54.888,-62.815,-27.003,-32.584,-34.272,-35.378,-4.116,-5.874,-20.616,-27.437
160.0,-27.250,-36.535,-55.862,-66.256,-25.492,-30.079,-32.954,-33.934,-1.758,-6.456,-22.908,-32.322
161.0,-29.899,-40.001,-57.373,-68.346,-31.682,-35.925,-38.476,-40.257,1.783,-4.077,-18.897,-28.090
162.0,-30.396,-36.527,-43.083,-58.069,-27.216,-32.309,-34.226,-35.651,-3.180,-4.219,-8.857,-22.418
163.0,-30.707,-35.518,-40.889,-55.311,-23.378,-28.686,-29.953,-31.956,-7.328,-6.832,-10.936,-23.355
164.0,-36.728,-43.408,-52.611,-64.390,-22.942,-27.195,-29.992,-31.450,-13.786,-16.213,-22.619,-32.940
165.0,-35.494,-45.585,-59.620,-72.219,-25.390,-28.754,-31.615,-33.801,-10.103,-16.831,-28.005,-38.418
166.0,-27.048,-36.964,-51.994,-60.089,-25.073,-30.116,-31.830,-33.593,-1.975,-6.849,-20.164,-26.496
167.0,-23.639,-32.622,-45.478,-51.767,-23.316,-27.295,-30.929,-31.703,-0.323,-5.327,-14.549,-20.064
168.0,-23.510,-31.160,-42.792,-49.451,-27.321,-31.409,-33.273,-35.778,3.811,0.249,-9.519,-13.673
169.0,-26.531,-36.144,-46.481,-52.004,-22.860,-27.029,-29.768,-31.316,-3.670,-9.115,-16.713,-20.688
170.0,-24.557,-33.954,-43.989,-49.444,-24.310,-28.885,-29.548,-32.747,-0.247,-5.068,-14.441,-16.697
171.0,-18.642,-29.661,-38.337,-47.160,-24.201,-28.450,-30.228,-32.659,5.559,-1.211,-8.109,-14.501
172.0,-19.721,-28.900,-38.866,-46.067,-24.905,-29.482,-30.718,-33.350,5.184,0.582,-8.148,-12.717
173.0,-21.160,-29.522,-38.993,-47.589,-22.937,-28.919,-29.978,-31.484,1.777,-0.603,-9.015,-16.105
174.0,-20.886,-30.498,-42.007,-48.503,-25.535,-31.846,-32.809,-33.896,4.649,1.348,-9.198,-14.607
175.0,-21.692,-28.173,-38.839,-48.214,-31.545,-36.553,-38.372,-39.902,9.853,8.380,-0.466,-8.312
176.0,-24.484,-31.868,-41.960,-50.639,-29.007,-34.917,-36.173,-37.388,4.524,3.049,-5.787,-13.252
177.0,-20.700,-28.300,-34.720,-40.796,-25.739,-31.255,-32.563,-34.158,5.039,2.955,-2.157,-6.638
178.0,-22.878,-30.058,-37.631,-43.266,-23.438,-28.396,-30.800,-31.825,0.560,-1.662,-6.831,-11.442
179.0,-21.626,-28.918,-40.960,-48.505,-20.597,-25.652,-26.471,-29.094,-1.029,-3.266,-14.489,-19.411
180.0,-21.356,-30.517,-40.921,-49.723,-22.044,-26.474,-28.474,-30.535,0.688,-4.043,-12.447,-19.188
181.0,-22.525,-30.054,-37.941,-48.178,-20.427,-25.435,-26.562,-28.905,-2.098,-4.619,-11.379,-19.273
182.0,-23.764,-32.145,-40.822,-54.101,-23.551,-28.548,-28.869,-32.051,-0.212,-3.597,-11.953,-22.050
183.0,-30.381,-37.746,-45.792,-60.677,-22.540,-26.893,-28.208,-31.159,-7.841,-10.853,-17.585,-29.517
184.0,-26.205,-35.483,-48.451,-56.540,-20.461,-24.937,-26.885,-28.966,-5.744,-10.546,-21.566,-27.574
185.0,-22.424,-31.697,-47.019,-54.787,-25.575,-28.785,-31.082,-34.072,3.151,-2.912,-15.937,-20.716
186.0,-20.396,-28.929,-42.073,-49.298,-24.297,-27.814,-30.156,-32.739,3.902,-1.115,-11.917,-16.559
187.0,-18.629,-27.066,-38.759,-45.964,-21.996,-26.624,-28.808,-30.438,3.367,-0.443,-9.951,-15.526
188.0,-18.776,-27.002,-35.771,-43.493,-22.830,-28.103,-29.469,-31.279,4.054,1.101,-6.302,-12.214
189.0,-18.564,-26.985,-37.928,-45.014,-25.133,-28.847,-31.614,-33.614,6.569,1.862,-6.314,-11.401
190.0,-22.355,-29.618,-37.484,-46.552,-22.185,-27.254,-30.042,-30.617,-0.171,-2.364,-7.441,-15.935
191.0,-20.356,-28.248,-38.257,-47.945,-20.912,-25.581,-27.011,-29.391,0.556,-2.667,-11.246,-18.554
192.0,-17.499,-25.752,-34.358,-44.475,-22.162,-25.844,-27.011,-30.788,4.663,0.092,-7.347,-13.687
193.0,-23.196,-29.694,-40.166,-48.949,-21.553,-25.980,-28.519,-30.016,-1.643,-3.714,-11.647,-18.933
194.0,-22.763,-29.058,-38.878,-48.396,-20.766,-25.417,-27.356,-29.273,-1.997,-3.641,-11.522,-19.122
195.0,-17.326,-28.160,-36.779,-44.796,-22.987,-26.903,-29.528,-31.459,5.661,-1.258,-7.250,-13.337
196.0,-19.158,-28.809,-42.119,-47.616,-22.144,-26.396,-28.814,-30.590,2.985,-2.412,-13.305,-17.026
197.0,-22.468,-30.009,-39.059,-48.354,-21.574,-26.205,-28.313,-30.066,-0.894,-3.804,-10.746,-18.288
198.0,-19.610,-27.911,-34.737,-46.269,-22.406,-27.315,-29.610,-30.989,2.796,-0.596,-5.127,-15.281
199.0,-18.779,-26.602,-37.347,-45.567,-23.027,-27.108,-29.728,-31.582,4.249,0.505,-7.619,-13.985
200.0,-19.634,-27.839,-39.199,-46.327,-21.545,-25.820,-26.716,-30.177,1.911,-2.019,-12.483,-16.150
201.0,-19.730,-27.055,-36.287,-45.628,-21.224,-25.879,-27.760,-29.712,1.494,-1.176,-8.527,-15.917
202.0,-17.675,-26.546,-36.739,-43.796,-23.264,-27.486,-30.018,-31.732,5.589,0.940,-6.722,-12.063
203.0,-19.932,-28.036,-39.189,-48.293,-21.652,-26.100,-29.419,-30.056,1.720,-1.936,-9.770,-18.237
204.0,-18.887,-27.571,-39.596,-46.739,-21.287,-26.221,-28.167,-29.732,2.400,-1.350,-11.429,-17.007
205.0,-16.943,-27.634,-37.781,-44.682,-21.018,-25.066,-27.826,-29.422,4.075,-2.569,-9.955,-15.259
206.0,-20.130,-28.431,-35.513,-45.439,-22.139,-26.380,-29.593,-30.530,2.009,-2.051,-5.920,-14.909
207.0,-21.324,-27.450,-34.905,-43.833,-21.050,-25.639,-27.964,-29.489,-0.274,-1.811,-6.941,-14.344
208.0,-19.425,-27.632,-36.654,-45.179,-18.355,-23.586,-26.229,-26.729,-1.070,-4.046,-10.425,-18.451
209.0,-17.575,-27.076,-39.120,-46.597,-21.838,-28.336,-30.643,-30.157,4.263,1.260,-8.477,-16.439
210.0,-19.472,-28.123,-40.944,-47.568,-30.186,-35.609,-37.881,-38.639,10.714,7.486,-3.063,-8.930
211.0,-18.751,-27.120,-38.992,-45.774,-33.055,-37.388,-39.905,-41.557,14.304,10.269,0.913,-4.217
212.0,-18.187,-26.680,-38.507,-45.405,-32.516,-37.553,-39.397,-41.038,14.328,10.873,0.890,-4.367
213.0,-17.739,-25.849,-39.343,-45.947,-28.914,-33.628,-36.379,-37.288,11.175,7.779,-2.964,-8.659
214.0,-19.478,-27.283,-38.693,-45.770,-31.804,-35.757,-38.276,-40.248,12.327,8.474,-0.417,-5.522
215.0,-17.948,-26.065,-36.961,-43.469,-28.944,-31.881,-35.646,-37.352,10.995,5.816,-1.315,-6.117
216.0,-15.762,-24.204,-36.165,-42.685,-29.964,-33.901,-36.368,-38.643,14.202,9.697,0.203,-4.042
217.0,-21.657,-29.673,-43.319,-50.875,-27.958,-30.292,-34.254,-36.435,6.301,0.619,-9.065,-14.440
218.0,-27.213,-36.982,-48.979,-62.331,-25.376,-29.440,-30.411,-34.101,-1.837,-7.542,-18.568,-28.230
219.0,-28.151,-38.593,-48.535,-61.940,-25.913,-30.221,-31.975,-34.405,-2.238,-8.372,-16.560,-27.535
220.0,-27.620,-39.109,-51.953,-63.957,-22.185,-26.461,-28.014,-30.751,-5.434,-12.648,-23.940,-33.206
221.0,-25.960,-33.941,-44.972,-58.983,-24.122,-28.770,-29.748,-32.817,-1.838,-5.171,-15.223,-26.167
222.0,-28.075,-36.694,-46.610,-62.253,-24.830,-29.408,-29.839,-33.591,-3.246,-7.286,-16.771,-28.662
223.0,-25.713,-33.105,-43.194,-54.202,-21.274,-25.774,-27.849,-29.781,-4.439,-7.331,-15.346,-24.421
224.0,-25.209,-33.917,-41.734,-53.509,-20.642,-26.145,-27.772,-29.152,-4.566,-7.772,-13.962,-24.357
225.0,-23.806,-31.860,-44.434,-52.902,-21.670,-27.034,-29.191,-30.179,-2.136,-4.826,-15.244,-22.723
226.0,-21.617,-30.295,-36.909,-47.148,-21.600,-25.771,-28.156,-30.088,-0.016,-4.525,-8.754,-17.061
227.0,-20.982,-31.373,-44.327,-54.311,-20.317,-25.357,-26.501,-28.765,-0.665,-6.016,-17.826,-25.546
228.0,-18.277,-27.879,-36.345,-46.140,-20.832,-25.432,-29.119,-29.123,2.555,-2.447,-7.225,-17.017
229.0,-21.313,-29.587,-37.055,-45.385,-20.272,-24.848,-27.149,-28.758,-1.040,-4.739,-9.906,-16.627
230.0,-19.895,-28.858,-34.839,-44.875,-18.158,-23.212,-25.297,-26.570,-1.736,-5.645,-9.542,-18.305
231.0,-19.012,-27.341,-34.789,-44.569,-20.021,-24.795,-27.393,-28.408,1.009,-2.546,-7.396,-16.161
232.0,-18.787,-26.579,-34.478,-40.189,-20.354,-25.363,-27.254,-28.846,1.567,-1.215,-7.224,-11.343
233.0,-19.694,-28.365,-34.434,-40.923,-20.575,-25.301,-27.914,-28.943,0.880,-3.064,-6.520,-11.980
234.0,-19.797,-27.030,-34.063,-41.348,-19.549,-24.599,-26.665,-28.002,-0.248,-2.431,-7.398,-13.347
235.0,-18.529,-25.768,-34.390,-44.405,-26.298,-31.910,-33.476,-34.676,7.769,6.142,-0.914,-9.729
236.0,-19.060,-25.682,-34.037,-44.314,-58.325,-61.525,-64.644,-66.643,39.265,35.843,30.608,22.330
237.0,-17.017,-25.612,-38.386,-44.888,-49.904,-55.241,-56.741,-58.430,32.887,29.630,18.355,13.542
238.0,-15.160,-24.081,-35.267,-42.422,-46.672,-52.252,-53.502,-55.196,31.512,28.171,18.235,12.775
239.0,-17.462,-25.414,-34.807,-43.433,-39.969,-45.158,-46.837,-48.493,22.507,19.744,12.030,5.060
240.0,-17.758,-26.403,-37.478,-44.032,-41.221,-46.868,-48.084,-49.755,23.463,20.464,10.606,5.723
241.0,-17.947,-26.285,-36.566,-45.222,-39.067,-43.870,-46.012,-47.550,21.120,17.586,9.446,2.328
242.0,-16.081,-24.935,-36.954,-42.409,-41.409,-46.673,-48.575,-49.871,25.327,21.739,11.622,7.462
243.0,-24.437,-35.069,-46.462,-52.495,-40.434,-45.357,-47.454,-48.899,15.997,10.288,0.991,-3.596
244.0,-57.564,-65.520,-70.894,-76.772,-41.006,-45.712,-47.863,-49.488,-16.559,-19.808,-23.032,-27.284
245.0,-42.776,-56.697,-80.836,-88.261,-42.780,-48.642,-49.608,-51.297,0.004,-8.055,-31.228,-36.965
246.0,-40.947,-54.783,-78.148,-88.005,-48.813,-54.066,-55.477,-57.318,7.866,-0.717,-22.670,-30.687
247.0,-33.509,-46.988,-70.714,-83.545,-54.054,-60.014,-60.705,-62.543,20.545,13.027,-10.010,-21.002
248.0,-34.890,-49.185,-72.113,-83.119,-61.195,-64.783,-67.564,-69.663,26.304,15.598,-4.549,-13.456
249.0,-33.744,-45.576,-66.507,-80.240,-44.582,-48.736,-51.377,-53.078,10.838,3.160,-15.130,-27.162
250.0,-36.214,-49.039,-70.130,-84.431,-43.819,-47.986,-50.606,-52.310,7.604,-1.054,-19.524,-32.121
251.0,-34.268,-47.635,-67.837,-83.595,-41.424,-45.201,-48.334,-49.910,7.156,-2.434,-19.504,-33.685
252.0,-35.393,-47.712,-66.917,-82.637,-37.241,-42.645,-43.942,-45.719,1.848,-5.067,-22.975,-36.918
253.0,-37.269,-51.298,-73.422,-85.842,-40.239,-45.397,-47.071,-48.745,2.969,-5.900,-26.351,-37.097
254.0,-43.546,-56.749,-76.343,-86.153,-36.949,-40.374,-43.598,-45.485,-6.597,-16.375,-32.745,-40.668
255.0,-48.803,-62.785,-80.354,-88.198,-36.803,-39.570,-43.316,-45.322,-12.000,-23.216,-37.038,-42.876
256.0,-56.536,-69.583,-84.175,-89.029,-38.209,-42.564,-44.927,-46.705,-18.327,-27.019,-39.248,-42.324
257.0,-37.305,-49.462,-71.077,-83.785,-34.826,-39.497,-41.744,-43.322,-2.479,-9.964,-29.333,-40.463
258.0,-38.243,-51.321,-72.157,-85.081,-32.611,-36.793,-39.286,-41.070,-5.632,-14.528,-32.871,-44.011
259.0,-35.394,-46.290,-64.686,-77.499,-32.031,-35.981,-38.835,-40.547,-3.364,-10.309,-25.852,-36.952
260.0,-31.603,-44.282,-62.404,-75.482,-34.208,-37.541,-40.468,-42.719,2.604,-6.741,-21.936,-32.763
261.0,-33.740,-45.540,-64.879,-76.108,-28.882,-33.072,-35.540,-37.325,-4.858,-12.468,-29.339,-38.783
262.0,-31.373,-41.992,-63.358,-76.061,-29.551,-34.817,-36.872,-37.972,-1.822,-7.175,-26.486,-38.089
263.0,-32.097,-40.582,-58.532,-70.467,-32.572,-36.545,-36.447,-41.280,0.474,-4.038,-22.085,-29.186
264.0,-32.661,-44.455,-63.162,-74.453,-32.988,-36.829,-36.279,-41.737,0.327,-7.626,-26.882,-32.717
265.0,-29.088,-40.948,-58.696,-70.392,-34.636,-38.920,-41.247,-43.121,5.548,-2.028,-17.449,-27.271
266.0,-26.585,-37.855,-53.393,-62.973,-34.978,-40.401,-41.815,-43.448,8.393,2.546,-11.578,-19.525
267.0,-27.067,-37.213,-53.473,-61.756,-38.886,-42.342,-45.682,-47.346,11.819,5.129,-7.791,-14.409
268.0,-30.997,-39.138,-54.229,-64.962,-37.956,-41.372,-44.773,-46.414,6.959,2.235,-9.456,-18.548
269.0,-23.946,-33.389,-51.393,-61.904,-38.557,-40.845,-44.828,-47.066,14.611,7.456,-6.565,-14.837
270.0,-26.113,-35.235,-50.472,-61.384,-40.712,-43.414,-45.563,-49.216,14.599,8.179,-4.909,-12.167
271.0,-31.751,-38.560,-50.955,-66.008,-44.890,-49.299,-50.185,-53.407,13.139,10.739,-0.770,-12.601
272.0,-32.698,-38.556,-50.607,-67.398,-43.227,-48.423,-50.016,-51.738,10.529,9.867,-0.591,-15.660
273.0,-29.652,-39.422,-57.310,-71.471,-40.582,-46.344,-46.863,-49.124,10.930,6.923,-10.447,-22.347
274.0,-30.052,-41.809,-61.319,-73.216,-36.625,-40.947,-43.152,-45.063,6.574,-0.863,-18.167,-28.153
275.0,-32.774,-43.752,-62.677,-75.711,-31.711,-35.368,-38.895,-40.156,-1.063,-8.385,-23.783,-35.555
276.0,-32.076,-42.196,-61.831,-75.440,-28.369,-32.363,-32.859,-37.002,-3.707,-9.833,-28.973,-38.438
277.0,-34.119,-42.035,-60.974,-72.222,-29.367,-33.860,-36.054,-38.060,-4.753,-8.176,-24.920,-34.162
278.0,-38.808,-44.451,-62.064,-77.620,-30.967,-35.507,-37.875,-39.500,-7.841,-8.944,-24.190,-38.120
279.0,-39.121,-51.030,-69.351,-84.524,-33.273,-36.824,-40.337,-41.741,-5.848,-14.206,-29.014,-42.783
280.0,-36.805,-49.993,-71.945,-84.997,-30.881,-35.577,-37.635,-39.313,-5.924,-14.416,-34.310,-45.684
281.0,-35.482,-48.033,-65.068,-80.530,-28.480,-32.490,-35.462,-36.930,-7.001,-15.543,-29.606,-43.600
282.0,-33.610,-42.339,-58.029,-72.460,-31.268,-35.479,-38.423,-39.692,-2.342,-6.859,-19.606,-32.769
283.0,-29.076,-36.023,-49.976,-60.344,-28.743,-32.587,-35.376,-37.168,-0.333,-3.436,-14.601,-23.176
284.0,-27.299,-33.960,-45.572,-57.906,-28.589,-33.093,-35.420,-37.040,1.290,-0.867,-10.152,-20.866
285.0,-28.966,-35.965,-42.505,-55.798,-29.601,-34.011,-36.451,-38.054,0.635,-1.955,-6.054,-17.743
286.0,-28.605,-37.171,-50.042,-59.858,-31.969,-36.359,-38.615,-40.435,3.364,-0.812,-11.427,-19.423
287.0,-30.020,-37.508,-53.046,-63.836,-28.395,-33.021,-35.219,-36.879,-1.625,-4.487,-17.828,-26.957
288.0,-26.283,-35.635,-53.287,-62.423,-28.752,-33.063,-35.636,-37.163,2.469,-2.572,-17.651,-25.260
289.0,-25.138,-32.372,-47.943,-56.785,-32.015,-36.707,-38.511,-40.517,6.877,4.334,-9.432,-16.268
290.0,-27.102,-35.550,-52.387,-61.952,-35.130,-39.433,-41.851,-43.609,8.028,3.883,-10.536,-18.342
291.0,-24.562,-32.869,-48.819,-56.824,-34.097,-39.040,-41.053,-42.551,9.535,6.171,-7.766,-14.273
292.0,-24.142,-34.000,-47.574,-55.156,-34.249,-37.479,-41.031,-42.756,10.107,3.478,-6.543,-12.400
293.0,-25.289,-35.541,-51.134,-59.742,-34.333,-39.059,-41.589,-42.808,9.044,3.518,-9.545,-16.934
294.0,-26.723,-36.048,-52.466,-60.556,-42.792,-46.969,-49.859,-51.241,16.068,10.921,-2.607,-9.314
295.0,-24.229,-33.894,-47.420,-54.225,-47.142,-51.574,-54.171,-55.614,22.913,17.679,6.751,1.388
296.0,-24.170,-34.622,-48.400,-56.056,-39.603,-44.492,-46.716,-48.078,15.432,9.870,-1.683,-7.978
297.0,-28.374,-37.949,-55.124,-64.027,-39.028,-44.432,-46.233,-47.525,10.653,6.483,-8.891,-16.502
298.0,-32.107,-40.808,-57.479,-68.883,-35.994,-41.042,-43.715,-44.417,3.887,0.234,-13.764,-24.465
299.0,-29.482,-40.222,-56.633,-67.988,-32.649,-38.185,-41.149,-41.026,3.167,-2.038,-15.484,-26.961
300.0,-29.320,-39.118,-56.924,-68.055,-31.090,-36.233,-36.277,-39.674,1.770,-2.885,-20.646,-28.380
301.0,-29.351,-40.712,-56.252,-66.440,-36.257,-40.941,-43.261,-44.746,6.905,0.229,-12.991,-21.694
302.0,-37.851,-49.207,-65.402,-76.037,-33.706,-37.739,-40.134,-42.071,-4.146,-11.468,-25.268,-33.966
303.0,-41.822,-53.609,-73.152,-82.966,-32.509,-36.433,-37.410,-40.915,-9.313,-17.175,-35.742,-42.051
304.0,-33.743,-45.838,-67.130,-84.590,-33.243,-37.700,-40.069,-41.685,-0.500,-8.138,-27.061,-42.906
305.0,-34.174,-45.757,-58.411,-74.838,-34.306,-38.013,-41.154,-42.865,0.132,-7.744,-17.257,-31.973
306.0,-32.385,-42.591,-60.765,-77.693,-34.139,-39.023,-42.197,-42.805,1.754,-3.569,-18.568,-34.888
307.0,-30.559,-39.283,-51.183,-66.596,-32.519,-38.109,-40.184,-40.930,1.960,-1.174,-10.999,-25.665
308.0,-29.375,-37.788,-49.104,-66.581,-30.842,-35.582,-37.986,-39.276,1.467,-2.206,-11.118,-27.305
309.0,-34.027,-43.392,-55.535,-74.090,-31.402,-36.467,-38.519,-39.830,-2.625,-6.925,-17.016,-34.260
310.0,-30.246,-38.395,-44.613,-54.194,-32.197,-38.407,-40.743,-40.550,1.950,0.013,-3.870,-13.645
311.0,-30.299,-38.662,-47.334,-56.714,-35.686,-41.393,-43.595,-44.053,5.387,2.732,-3.738,-12.662
312.0,-29.212,-39.202,-51.543,-61.377,-38.292,-44.051,-45.843,-46.740,9.080,4.848,-5.701,-14.636
313.0,-32.749,-39.717,-52.302,-64.799,-33.547,-39.396,-41.915,-41.883,0.797,-0.321,-10.387,-22.915
314.0,-33.208,-40.492,-46.366,-60.204,-33.635,-39.659,-41.899,-42.005,0.427,-0.833,-4.466,-18.198
315.0,-30.515,-38.959,-47.774,-60.925,-31.112,-36.556,-38.435,-39.503,0.597,-2.402,-9.340,-21.421
316.0,-28.989,-36.858,-52.173,-61.519,-30.140,-36.102,-37.153,-38.563,1.151,-0.756,-15.019,-22.956
317.0,-28.738,-37.128,-52.026,-62.383,-27.768,-32.265,-32.206,-36.425,-0.970,-4.864,-19.820,-25.958
318.0,-30.339,-39.495,-54.173,-64.729,-28.371,-32.875,-34.705,-36.965,-1.968,-6.620,-19.468,-27.763
319.0,-33.440,-42.217,-61.176,-74.822,-26.571,-31.656,-34.636,-34.925,-6.869,-10.562,-26.540,-39.897
320.0,-34.989,-45.199,-54.958,-71.689,-24.277,-30.701,-32.576,-32.627,-10.712,-14.498,-22.382,-39.062
321.0,-31.968,-39.686,-58.001,-71.016,-27.244,-31.485,-35.485,-35.618,-4.723,-8.202,-22.516,-35.399
322.0,-30.432,-40.242,-56.900,-69.446,-23.976,-29.774,-31.232,-32.331,-6.455,-10.468,-25.668,-37.115
323.0,-27.552,-37.714,-54.019,-65.391,-24.058,-31.020,-31.458,-32.391,-3.494,-6.694,-22.561,-33.000
324.0,-25.888,-37.136,-54.516,-64.752,-26.018,-30.054,-30.391,-34.674,0.130,-7.081,-24.125,-30.078
325.0,-26.689,-33.465,-45.604,-57.669,-26.720,-30.358,-33.039,-35.222,0.031,-3.107,-12.565,-22.447
326.0,-25.340,-33.995,-48.088,-56.838,-26.955,-31.934,-34.474,-35.381,1.616,-2.060,-13.614,-21.458
327.0,-25.427,-33.014,-46.712,-54.593,-28.324,-33.813,-35.785,-36.765,2.898,0.799,-10.926,-17.829
328.0,-22.676,-31.203,-38.294,-51.356,-34.385,-38.518,-40.998,-42.918,11.710,7.315,2.704,-8.437
329.0,-25.222,-32.306,-42.239,-51.794,-32.060,-37.451,-39.424,-40.463,6.838,5.146,-2.814,-11.331
330.0,-22.028,-30.705,-42.379,-51.892,-33.299,-38.811,-40.315,-41.715,11.271,8.105,-2.064,-10.177
331.0,-22.651,-31.266,-45.477,-52.166,-30.856,-36.376,-38.169,-39.259,8.206,5.110,-7.308,-12.907
332.0,-24.565,-31.292,-43.087,-53.523,-27.845,-33.131,-34.649,-36.310,3.280,1.839,-8.439,-17.213
333.0,-24.317,-32.104,-45.290,-52.682,-29.154,-34.875,-37.015,-37.547,4.837,2.771,-8.275,-15.135
334.0,-25.261,-32.418,-45.950,-54.291,-34.787,-40.159,-41.880,-43.214,9.526,7.741,-4.071,-11.078
335.0,-25.705,-34.700,-48.017,-57.335,-38.501,-43.291,-45.646,-46.941,12.797,8.591,-2.370,-10.393
336.0,-31.609,-39.403,-51.717,-63.425,-36.897,-41.706,-43.835,-45.369,5.289,2.303,-7.882,-18.055
337.0,-30.097,-39.100,-54.800,-64.273,-32.917,-36.397,-39.720,-41.391,2.820,-2.703,-15.080,-22.883
338.0,-29.462,-39.608,-57.242,-68.178,-31.666,-35.506,-38.185,-40.170,2.204,-4.102,-19.057,-28.008
339.0,-26.851,-36.097,-51.077,-59.272,-29.502,-33.066,-36.110,-38.002,2.651,-3.031,-14.967,-21.270
340.0,-24.935,-33.553,-47.046,-56.176,-27.838,-32.264,-34.657,-36.281,2.903,-1.288,-12.389,-19.894
341.0,-27.418,-36.355,-51.709,-60.559,-29.076,-33.126,-36.079,-37.488,1.658,-3.229,-15.630,-23.072
342.0,-31.607,-41.082,-57.023,-68.521,-24.119,-29.143,-32.009,-32.523,-7.488,-11.938,-25.014,-35.999
343.0,-33.553,-44.477,-59.723,-73.103,-25.293,-29.956,-32.414,-33.744,-8.261,-14.521,-27.308,-39.359
344.0,-32.902,-43.265,-57.666,-66.775,-23.655,-27.912,-30.003,-32.101,-9.247,-15.353,-27.663,-34.674
345.0,-28.194,-37.536,-53.847,-63.379,-23.678,-27.938,-28.825,-32.281,-4.515,-9.599,-25.023,-31.098
346.0,-26.973,-35.943,-49.263,-56.662,-26.201,-30.855,-31.432,-34.710,-0.772,-5.088,-17.831,-21.952
347.0,-25.236,-34.774,-49.702,-58.087,-23.920,-27.484,-30.144,-32.266,-1.316,-7.289,-19.557,-25.820
348.0,-23.745,-32.772,-48.113,-55.722,-20.865,-25.775,-26.579,-29.342,-2.880,-6.996,-21.534,-26.380
349.0,-26.042,-34.564,-47.206,-53.748,-21.597,-26.291,-27.400,-30.249,-4.445,-8.272,-19.806,-23.499
350.0,-21.380,-29.804,-44.154,-50.755,-20.003,-24.676,-25.489,-28.603,-1.377,-5.128,-18.665,-22.151
351.0,-22.264,-30.515,-43.085,-50.124,-22.052,-26.397,-28.709,-30.629,-0.212,-4.119,-14.375,-19.495
352.0,-20.105,-29.174,-41.815,-49.468,-19.559,-24.726,-27.006,-28.058,-0.546,-4.448,-14.809,-21.410
353.0,-20.555,-28.575,-39.505,-48.113,-20.276,-24.929,-26.918,-28.589,-0.279,-3.646,-12.587,-19.524
354.0,-22.985,-30.877,-40.627,-47.167,-22.293,-26.069,-29.166,-30.904,-0.692,-4.808,-11.462,-16.263
355.0,-22.833,-29.319,-38.043,-46.600,-47.687,-52.508,-54.537,-56.025,24.854,23.189,16.494,9.425
356.0,-20.681,-27.526,-35.780,-45.078,-16.536,-21.976,-24.156,-24.950,-4.145,-5.550,-11.624,-20.128
357.0,-21.245,-28.484,-35.457,-46.075,-40.490,-44.987,-47.471,-48.751,19.245,16.503,12.014,2.675
358.0,-17.071,-26.217,-34.014,-43.656,-18.376,-23.030,-25.723,-26.847,1.305,-3.186,-8.291,-16.808
359.0,-18.725,-27.797,-32.747,-42.620,-24.217,-28.132,-31.171,-32.633,5.493,0.335,-1.576,-9.987
360.0,-17.595,-25.560,-30.759,-41.145,-54.000,-57.706,-61.009,-62.263,36.406,32.146,30.250,21.118
361.0,-19.358,-25.910,-31.830,-39.718,-66.603,-66.816,-73.657,-74.946,47.246,40.906,41.827,35.228
362.0,-21.419,-27.974,-35.589,-43.531,-68.960,-67.470,-75.870,-77.229,47.540,39.496,40.281,33.698
363.0,-37.567,-48.336,-56.803,-60.818,-71.196,-68.821,-78.059,-79.435,33.629,20.485,21.256,18.618
364.0,-13.971,-22.625,-34.386,-39.669,-47.651,-51.667,-54.258,-56.144,33.681,29.041,19.872,16.475
365.0,-41.246,-47.801,-54.282,-59.248,-46.691,-50.603,-53.301,-55.190,5.445,2.802,-0.981,-4.058
366.0,-14.078,-23.043,-34.316,-39.721,-42.229,-46.228,-48.824,-50.722,28.151,23.185,14.508,11.001
367.0,-23.648,-32.879,-43.287,-49.406,-45.622,-49.578,-52.225,-54.119,21.974,16.699,8.938,4.713
368.0,-53.507,-61.312,-66.915,-72.243,-43.178,-47.183,-49.795,-51.675,-10.329,-14.129,-17.120,-20.568
369.0,-60.498,-76.868,-85.177,-88.230,-44.534,-48.516,-51.115,-53.029,-15.964,-28.352,-34.062,-35.201
370.0,-61.775,-78.106,-87.802,-89.350,-34.345,-39.848,-41.570,-42.823,-27.430,-38.258,-46.232,-46.527
371.0,-63.998,-78.680,-87.909,-89.389,-42.311,-46.269,-49.183,-50.784,-21.687,-32.411,-38.725,-38.605
372.0,-41.684,-53.158,-70.237,-82.655,-37.462,-41.794,-44.244,-45.942,-4.222,-11.364,-25.993,-36.713
373.0,-41.236,-52.424,-69.876,-82.085,-39.257,-43.014,-45.967,-47.726,-1.979,-9.409,-23.910,-34.359
374.0,-36.582,-47.754,-63.507,-74.908,-40.958,-44.842,-47.573,-49.456,4.376,-2.913,-15.933,-25.453
375.0,-40.289,-51.495,-67.324,-78.722,-35.920,-38.573,-42.779,-44.370,-4.368,-12.922,-24.544,-34.352
376.0,-37.515,-48.651,-64.607,-76.487,-38.896,-42.432,-45.863,-47.357,1.380,-6.219,-18.744,-29.130
377.0,-39.271,-50.359,-66.143,-77.221,-41.054,-45.504,-48.035,-49.513,1.783,-4.854,-18.108,-27.708
378.0,-29.230,-41.580,-56.841,-67.686,-37.499,-40.192,-44.376,-45.951,8.269,-1.388,-12.465,-21.735
379.0,-37.669,-48.246,-61.004,-71.224,-31.168,-36.189,-37.747,-39.697,-6.501,-12.057,-23.257,-31.527
380.0,-32.261,-42.191,-58.437,-67.562,-32.467,-36.687,-39.098,-41.016,0.206,-5.504,-19.339,-26.547
381.0,-34.543,-43.666,-59.788,-69.921,-35.454,-39.810,-42.443,-43.954,0.911,-3.855,-17.345,-25.967
382.0,-36.358,-46.993,-62.411,-72.362,-31.447,-35.865,-38.414,-39.913,-4.911,-11.129,-23.996,-32.449
383.0,-29.421,-39.556,-55.129,-65.116,-31.428,-35.578,-38.736,-39.877,2.007,-3.979,-16.392,-25.239
384.0,-33.991,-44.847,-59.978,-69.963,-32.008,-35.514,-39.084,-40.441,-1.983,-9.332,-20.894,-29.522
385.0,-35.265,-46.735,-61.510,-72.012,-30.433,-34.219,-37.469,-38.905,-4.832,-12.516,-24.041,-33.106
386.0,-31.209,-41.256,-57.448,-67.423,-34.645,-39.022,-41.471,-43.134,3.436,-2.234,-15.978,-24.288
387.0,-24.641,-37.277,-51.459,-60.035,-34.617,-39.577,-41.692,-43.068,9.976,2.300,-9.767,-16.967
388.0,-27.223,-38.672,-51.553,-59.427,-30.286,-35.325,-37.367,-38.734,3.062,-3.347,-14.185,-20.693
389.0,-30.861,-42.368,-56.555,-66.894,-33.016,-36.447,-39.806,-41.497,2.155,-5.921,-16.749,-25.398
390.0,-26.284,-36.805,-51.483,-58.996,-33.861,-37.631,-40.633,-42.350,7.577,0.826,-10.850,-16.646
391.0,-28.529,-37.627,-52.863,-61.241,-36.502,-41.093,-43.413,-44.972,7.972,3.466,-9.450,-16.270
392.0,-26.618,-35.999,-49.535,-58.017,-37.236,-41.993,-44.314,-45.716,10.617,5.994,-5.221,-12.302
393.0,-25.258,-34.747,-48.640,-56.313,-33.648,-38.234,-40.599,-42.125,8.390,3.487,-8.040,-14.188
394.0,-30.714,-40.644,-55.158,-64.290,-30.257,-34.731,-37.145,-38.733,-0.457,-5.913,-18.012,-25.557
395.0,-29.103,-39.797,-54.442,-61.966,-29.466,-33.908,-36.000,-37.966,0.363,-5.888,-18.442,-24.000
396.0,-26.818,-37.759,-54.159,-62.255,-30.703,-35.164,-37.723,-39.151,3.885,-2.594,-16.436,-23.104
397.0,-28.402,-37.612,-52.226,-61.674,-27.067,-31.336,-34.037,-35.531,-1.335,-6.275,-18.190,-26.143
398.0,-27.639,-38.728,-52.499,-62.206,-31.493,-34.732,-38.813,-39.909,3.854,-3.995,-13.686,-22.297
399.0,-31.371,-43.711,-59.881,-70.491,-30.258,-32.982,-37.506,-38.739,-1.113,-10.729,-22.375,-31.752
400.0,-31.639,-42.569,-58.899,-70.142,-26.778,-30.281,-33.585,-35.279,-4.860,-12.288,-25.314,-34.862
401.0,-29.213,-39.807,-56.271,-66.337,-31.921,-37.135,-38.623,-40.445,2.708,-2.672,-17.648,-25.892
402.0,-25.250,-35.918,-50.854,-58.914,-30.908,-35.569,-38.080,-39.364,5.657,-0.349,-12.773,-19.549
403.0,-24.410,-34.947,-48.492,-57.127,-31.460,-36.166,-38.816,-39.909,7.051,1.219,-9.676,-17.218
404.0,-27.008,-36.484,-51.369,-59.464,-34.089,-38.444,-40.798,-42.576,7.081,1.960,-10.571,-16.888
405.0,-22.433,-32.017,-46.317,-53.900,-33.086,-38.136,-40.195,-41.550,10.653,6.119,-6.123,-12.351
406.0,-27.245,-35.385,-49.468,-56.474,-32.921,-37.581,-39.721,-41.395,5.676,2.196,-9.747,-15.079
407.0,-27.556,-34.454,-49.860,-55.681,-30.158,-34.115,-37.056,-38.605,2.602,-0.339,-12.804,-17.076
408.0,-22.155,-31.562,-45.935,-52.251,-26.937,-31.999,-34.031,-35.369,4.781,0.438,-11.904,-16.882
409.0,-27.445,-39.271,-53.842,-62.046,-25.596,-30.342,-32.093,-34.103,-1.849,-8.929,-21.749,-27.942
410.0,-27.445,-36.352,-51.187,-58.975,-23.667,-28.204,-30.438,-32.208,-3.778,-8.148,-20.749,-26.767
411.0,-27.328,-37.402,-53.169,-61.434,-33.149,-37.446,-39.957,-41.642,5.821,0.044,-13.212,-19.791
412.0,-30.491,-40.748,-55.469,-65.115,-35.606,-41.586,-42.648,-44.089,5.115,0.838,-12.821,-21.026
413.0,-29.111,-39.394,-54.537,-63.626,-38.114,-43.385,-45.762,-46.544,9.003,3.990,-8.775,-17.082
414.0,-26.786,-37.566,-53.499,-63.663,-40.985,-46.083,-48.120,-49.431,14.199,8.517,-5.378,-14.232
415.0,-26.586,-35.515,-50.043,-59.145,-35.031,-40.607,-42.422,-43.484,8.445,5.092,-7.621,-15.661
416.0,-22.296,-32.801,-44.879,-51.680,-32.345,-36.726,-39.187,-40.828,10.049,3.925,-5.692,-10.852
417.0,-21.800,-31.065,-42.881,-49.274,-30.364,-33.633,-37.186,-38.848,8.564,2.568,-5.695,-10.426
418.0,-21.156,-29.807,-41.362,-48.373,-24.874,-30.303,-31.933,-33.334,3.718,0.497,-9.429,-15.039
419.0,-29.015,-38.975,-54.186,-63.351,-22.647,-26.766,-29.107,-31.165,-6.368,-12.210,-25.079,-32.187
420.0,-30.728,-43.589,-59.826,-72.083,-23.954,-27.474,-30.513,-32.441,-6.774,-16.116,-29.314,-39.642
421.0,-33.885,-44.877,-60.529,-75.265,-31.584,-36.977,-38.738,-40.033,-2.301,-7.900,-21.791,-35.232
422.0,-35.511,-46.106,-62.719,-75.757,-36.497,-40.978,-43.323,-44.953,0.986,-5.127,-19.396,-30.804
423.0,-31.533,-42.763,-59.359,-72.044,-36.730,-41.416,-43.808,-45.204,5.197,-1.347,-15.551,-26.840
424.0,-27.114,-37.622,-52.834,-62.686,-41.095,-45.938,-48.125,-49.561,13.982,8.316,-4.709,-13.126
425.0,-23.460,-33.228,-47.723,-55.607,-36.361,-41.750,-42.517,-44.872,12.901,8.522,-5.206,-10.735
426.0,-21.123,-32.286,-43.854,-50.364,-37.403,-42.410,-44.457,-45.893,16.280,10.124,0.604,-4.471
427.0,-18.969,-27.206,-39.578,-45.735,-32.119,-36.421,-38.689,-40.628,13.150,9.214,-0.889,-5.107
428.0,-21.278,-29.364,-43.162,-50.869,-32.077,-36.634,-39.383,-40.539,10.799,7.270,-3.779,-10.329
429.0,-28.452,-38.873,-53.189,-62.243,-32.229,-37.538,-38.834,-40.689,3.778,-1.335,-14.354,-21.553
430.0,-31.600,-42.045,-56.937,-67.427,-34.846,-38.572,-41.244,-43.310,3.246,-3.472,-15.692,-24.117
431.0,-31.470,-43.268,-60.394,-72.110,-35.384,-37.972,-42.233,-43.822,3.914,-5.296,-18.161,-28.287
432.0,-35.896,-47.288,-63.436,-74.494,-33.378,-37.539,-40.547,-41.780,-2.518,-9.749,-22.890,-32.714
433.0,-33.069,-42.854,-57.515,-68.002,-28.456,-32.936,-35.327,-36.848,-4.613,-9.918,-22.188,-31.154
434.0,-32.231,-43.357,-62.460,-75.034,-29.859,-37.128,-37.481,-38.182,-2.373,-6.228,-24.979,-36.852
435.0,-28.211,-37.231,-53.108,-61.426,-31.942,-36.966,-39.448,-40.477,3.732,-0.265,-13.661,-20.949
436.0,-28.164,-37.637,-55.503,-68.272,-32.744,-35.809,-37.890,-41.307,4.580,-1.827,-17.614,-26.965
437.0,-28.477,-38.368,-56.273,-64.166,-29.009,-34.756,-36.098,-37.412,0.532,-3.612,-20.175,-26.754
438.0,-31.924,-40.055,-56.912,-66.140,-29.337,-35.048,-36.819,-37.704,-2.587,-5.008,-20.094,-28.435
439.0,-31.217,-38.985,-56.532,-69.092,-32.564,-38.015,-38.232,-41.063,1.348,-0.970,-18.300,-28.029
440.0,-28.922,-37.821,-55.092,-65.186,-32.992,-37.637,-39.014,-41.466,4.071,-0.184,-16.079,-23.721
441.0,-24.310,-32.790,-50.406,-58.724,-32.470,-36.197,-38.644,-40.924,8.161,3.407,-11.762,-17.800
442.0,-28.148,-37.600,-52.243,-61.286,-33.725,-38.075,-39.539,-42.235,5.576,0.476,-12.704,-19.050
443.0,-28.703,-37.629,-49.560,-61.405,-31.948,-37.115,-38.416,-40.489,3.246,-0.514,-11.144,-20.916
444.0,-30.863,-37.750,-50.889,-60.535,-32.805,-37.833,-39.334,-41.290,1.942,0.083,-11.555,-19.245
445.0,-27.618,-36.076,-45.570,-59.983,-30.174,-35.289,-36.327,-38.650,2.556,-0.787,-9.243,-21.332
446.0,-28.565,-36.503,-44.999,-59.394,-27.722,-33.166,-34.547,-36.209,-0.844,-3.337,-10.452,-23.185
447.0,-30.630,-39.254,-51.605,-66.836,-30.170,-33.193,-34.575,-38.803,-0.460,-6.061,-17.031,-28.033
448.0,-30.806,-38.718,-52.810,-66.978,-27.174,-31.352,-33.513,-35.661,-3.632,-7.366,-19.297,-31.318
449.0,-29.408,-37.784,-48.745,-63.527,-26.602,-32.139,-33.620,-35.005,-2.806,-5.645,-15.124,-28.523
450.0,-30.172,-38.769,-52.098,-63.155,-28.592,-33.053,-35.261,-37.048,-1.580,-5.716,-16.837,-26.107
451.0,-29.549,-38.682,-49.584,-63.733,-26.134,-31.136,-32.892,-34.675,-3.415,-7.546,-16.692,-29.058
452.0,-29.335,-38.869,-52.989,-66.806,-28.234,-32.995,-35.593,-36.632,-1.101,-5.874,-17.396,-30.174
453.0,-26.217,-36.383,-50.485,-60.629,-25.743,-30.096,-32.876,-34.205,-0.474,-6.287,-17.609,-26.424
454.0,-24.171,-33.981,-48.256,-57.525,-26.413,-30.864,-33.145,-35.075,2.242,-3.117,-15.111,-22.450
455.0,-29.844,-35.098,-49.589,-59.756,-25.545,-30.802,-32.215,-34.167,-4.298,-4.296,-17.375,-25.590
456.0,-24.070,-32.500,-48.994,-57.443,-27.734,-33.001,-34.709,-36.173,3.664,0.501,-14.285,-21.270
457.0,-25.417,-33.497,-48.556,-56.397,-24.803,-30.032,-31.456,-33.286,-0.614,-3.465,-17.100,-23.111
458.0,-27.213,-33.954,-48.841,-57.530,-24.338,-28.945,-30.930,-32.826,-2.874,-5.009,-17.910,-24.704
459.0,-22.229,-32.142,-43.676,-53.531,-23.670,-28.506,-31.397,-32.064,1.440,-3.636,-12.279,-21.467
460.0,-24.406,-33.683,-49.687,-59.867,-25.166,-30.337,-32.034,-33.597,0.759,-3.346,-17.653,-26.270
461.0,-21.907,-30.993,-42.329,-51.613,-23.032,-27.253,-30.649,-31.405,1.125,-3.740,-11.680,-20.208
462.0,-23.659,-32.144,-38.150,-50.941,-23.521,-28.326,-30.602,-31.999,-0.138,-3.818,-7.549,-18.943
463.0,-23.040,-32.019,-40.741,-53.272,-23.653,-27.854,-29.228,-32.142,0.613,-4.165,-11.513,-21.130
464.0,-25.361,-33.843,-46.482,-56.115,-23.805,-28.156,-30.450,-32.237,-1.555,-5.687,-16.032,-23.878
465.0,-22.730,-30.840,-42.022,-53.720,-19.995,-24.681,-27.077,-28.565,-2.735,-6.159,-14.945,-25.155
466.0,-20.828,-29.970,-43.399,-51.002,-20.125,-24.988,-26.836,-28.684,-0.704,-4.982,-16.564,-22.318
467.0,-20.945,-29.539,-38.940,-50.489,-23.314,-28.120,-31.141,-31.851,2.369,-1.420,-7.799,-18.638
468.0,-21.278,-31.194,-45.378,-54.037,-27.515,-31.661,-34.609,-35.942,6.237,0.467,-10.769,-18.095
469.0,-20.453,-28.217,-39.866,-47.250,-19.763,-23.985,-25.409,-28.273,-0.690,-4.232,-14.457,-18.977
470.0,-19.631,-28.798,-43.169,-49.493,-18.224,-22.906,-24.587,-26.801,-1.407,-5.891,-18.582,-22.692
471.0,-19.951,-28.902,-42.157,-50.576,-21.008,-25.738,-27.905,-29.382,1.057,-3.164,-14.252,-21.194
472.0,-21.062,-28.980,-36.167,-48.809,-23.671,-29.496,-30.917,-32.070,2.610,0.517,-5.250,-16.738
473.0,-16.904,-25.629,-31.134,-37.611,-24.779,-29.013,-31.510,-33.287,7.875,3.384,0.375,-4.323
474.0,-19.445,-26.741,-33.301,-43.383,-27.997,-32.273,-34.809,-36.552,8.552,5.532,1.508,-6.831
475.0,-23.458,-29.842,-39.140,-48.764,-28.697,-32.985,-35.661,-37.273,5.239,3.144,-3.479,-11.492
476.0,-22.822,-31.861,-47.190,-55.266,-31.085,-34.719,-37.820,-39.540,8.263,2.858,-9.369,-15.726
477.0,-16.507,-25.429,-35.919,-44.653,-34.072,-38.854,-41.082,-42.576,17.565,13.425,5.163,-2.077
478.0,-17.222,-24.700,-32.845,-43.187,-36.091,-41.055,-43.164,-44.605,18.869,16.354,10.320,1.419
479.0,-18.007,-26.692,-38.239,-44.819,-42.317,-46.303,-48.795,-50.833,24.310,19.611,10.556,6.014
480.0,-19.537,-30.526,-43.027,-48.808,-40.845,-46.357,-48.080,-49.318,21.307,15.832,5.053,0.510
481.0,-21.023,-30.765,-43.679,-50.065,-46.474,-51.948,-53.114,-54.935,25.451,21.183,9.436,4.871
482.0,-23.030,-33.847,-45.462,-51.712,-49.412,-55.231,-55.980,-57.886,26.381,21.384,10.518,6.174
483.0,-25.073,-34.974,-46.929,-52.732,-39.863,-44.289,-45.698,-48.310,14.789,9.315,-1.231,-4.421
484.0,-27.018,-36.350,-50.812,-57.408,-35.316,-38.813,-42.744,-43.730,8.298,2.463,-8.068,-13.678
485.0,-29.141,-40.877,-54.591,-62.813,-32.019,-36.971,-40.380,-40.419,2.878,-3.907,-14.212,-22.394
486.0,-31.083,-42.850,-57.165,-65.210,-32.240,-36.443,-39.740,-40.648,1.157,-6.407,-17.425,-24.562
487.0,-38.500,-48.314,-60.954,-70.299,-31.444,-36.316,-38.669,-39.893,-7.056,-11.998,-22.285,-30.406
488.0,-35.833,-48.327,-63.354,-75.023,-31.348,-35.798,-38.348,-39.805,-4.486,-12.528,-25.006,-35.218
489.0,-42.194,-53.158,-66.933,-79.020,-28.454,-32.811,-36.666,-36.851,-13.739,-20.347,-30.268,-42.170
490.0,-45.488,-56.692,-70.793,-82.018,-28.895,-33.375,-36.484,-37.289,-16.594,-23.317,-34.309,-44.730
491.0,-35.131,-44.682,-62.699,-78.992,-27.721,-31.125,-34.476,-36.186,-7.410,-13.558,-28.223,-42.806
492.0,-29.828,-39.641,-58.080,-69.880,-27.301,-30.636,-34.460,-35.753,-2.527,-9.005,-23.620,-34.127
493.0,-29.338,-37.818,-55.281,-70.033,-26.566,-30.710,-33.837,-34.974,-2.771,-7.108,-21.444,-35.060
494.0,-29.913,-37.324,-53.821,-65.269,-30.441,-35.112,-37.763,-38.842,0.528,-2.212,-16.058,-26.427
495.0,-27.196,-37.312,-55.036,-67.191,-33.797,-38.144,-39.699,-42.267,6.601,0.833,-15.338,-24.924
496.0,-27.669,-36.765,-54.113,-66.582,-31.341,-35.923,-38.163,-39.735,3.672,-0.842,-15.949,-26.846
497.0,-25.287,-33.392,-48.134,-58.024,-29.612,-34.664,-36.248,-38.124,4.326,1.272,-11.885,-19.900
498.0,-25.658,-34.742,-50.399,-60.578,-26.194,-32.855,-33.285,-34.596,0.535,-1.887,-17.114,-25.983
499.0,-25.031,-32.078,-47.831,-55.922,-25.116,-30.746,-31.980,-33.599,0.085,-1.332,-15.851,-22.322
500.0,-22.907,-31.642,-48.410,-56.885,-28.548,-33.485,-35.548,-36.980,5.640,1.843,-12.862,-19.906
501.0,-22.854,-32.182,-48.632,-57.737,-26.771,-32.423,-34.507,-35.152,3.916,0.241,-14.125,-22.585
502.0,-27.536,-36.497,-47.483,-62.749,-26.103,-30.958,-33.606,-34.521,-1.433,-5.539,-13.877,-28.228
503.0,-31.648,-39.068,-49.025,-62.321,-28.088,-31.065,-34.975,-36.512,-3.561,-8.003,-14.050,-25.808
504.0,-27.232,-35.888,-53.295,-61.690,-26.064,-30.931,-33.935,-34.407,-1.168,-4.957,-19.360,-27.283
505.0,-23.940,-35.514,-52.382,-63.091,-28.050,-32.924,-34.803,-36.480,4.110,-2.590,-17.579,-26.611
506.0,-22.875,-33.023,-48.848,-57.163,-30.533,-34.918,-37.335,-38.951,7.657,1.894,-11.513,-18.212
507.0,-20.730,-32.033,-48.664,-58.236,-32.543,-37.445,-39.609,-40.972,11.813,5.412,-9.055,-17.264
508.0,-25.236,-34.635,-51.538,-61.193,-34.277,-38.936,-41.006,-42.804,9.041,4.301,-10.532,-18.389
509.0,-24.465,-33.140,-45.285,-58.243,-22.133,-26.756,-28.972,-30.677,-2.332,-6.384,-16.313,-27.566
510.0,-24.524,-31.985,-45.317,-53.925,-17.882,-21.853,-24.829,-26.480,-6.642,-10.132,-20.488,-27.445
511.0,-25.024,-32.413,-46.566,-53.809,-18.783,-23.032,-25.586,-27.367,-6.240,-9.381,-20.980,-26.442
512.0,-23.457,-31.595,-40.973,-52.917,-19.548,-24.112,-26.403,-28.032,-3.909,-7.482,-14.570,-24.885
513.0,-23.696,-34.407,-44.496,-57.178,-19.373,-24.511,-25.909,-27.889,-4.323,-9.896,-18.588,-29.289
514.0,-26.819,-36.407,-45.659,-59.081,-18.723,-23.399,-25.438,-27.241,-8.096,-13.007,-20.221,-31.840
515.0,-28.592,-38.763,-49.250,-64.815,-18.277,-23.416,-25.342,-26.738,-10.315,-15.347,-23.908,-38.078
516.0,-29.414,-40.626,-52.853,-67.659,-18.030,-24.227,-27.191,-26.373,-11.384,-16.398,-25.661,-41.285
517.0,-17.636,-27.362,-40.060,-44.868,-19.387,-23.555,-24.125,-27.955,1.752,-3.808,-15.935,-16.912
518.0,-13.862,-22.669,-30.623,-38.374,-20.106,-23.649,-23.991,-28.739,6.244,0.980,-6.632,-9.636
519.0,-16.328,-24.950,-35.179,-43.024,-19.464,-23.454,-25.874,-27.967,3.136,-1.496,-9.305,-15.057
520.0,-15.253,-25.406,-34.654,-41.321,-19.572,-24.336,-27.446,-27.940,4.319,-1.070,-7.208,-13.381
521.0,-14.449,-26.122,-35.760,-42.151,-19.998,-24.835,-27.489,-28.333,5.550,-1.287,-8.271,-13.818
522.0,-14.837,-24.132,-36.357,-42.600,-21.009,-26.096,-28.299,-29.440,6.172,1.964,-8.058,-13.160
523.0,-15.229,-24.357,-32.766,-40.705,-20.423,-25.298,-27.386,-28.861,5.194,0.941,-5.379,-11.844
524.0,-16.634,-25.559,-36.621,-44.403,-24.147,-29.119,-31.289,-32.599,7.513,3.559,-5.332,-11.804
525.0,-16.627,-25.078,-36.026,-44.381,-29.082,-33.654,-35.865,-37.565,12.455,8.576,-0.161,-6.815
526.0,-17.938,-24.854,-35.209,-43.927,-32.932,-37.530,-39.710,-41.377,14.994,12.676,4.501,-2.551
527.0,-15.832,-24.806,-36.544,-42.915,-35.164,-38.833,-42.189,-43.600,19.332,14.027,5.645,0.685
528.0,-15.348,-24.525,-33.157,-42.606,-34.113,-38.520,-40.827,-42.594,18.765,13.995,7.670,-0.013
529.0,-18.583,-27.256,-37.165,-45.220,-33.749,-37.749,-41.011,-42.221,15.166,10.493,3.846,-3.000
530.0,-16.395,-27.032,-38.520,-45.669,-33.791,-38.402,-40.577,-42.287,17.396,11.370,2.057,-3.382
531.0,-15.914,-26.794,-38.023,-45.644,-34.081,-37.966,-41.013,-42.549,18.167,11.172,2.990,-3.095
532.0,-19.684,-31.112,-42.726,-50.195,-31.190,-36.510,-38.413,-39.602,11.507,5.398,-4.313,-10.593
533.0,-24.507,-35.606,-49.780,-59.833,-32.927,-37.229,-39.819,-41.399,8.421,1.623,-9.961,-18.434
534.0,-29.530,-38.253,-54.447,-65.678,-33.496,-37.770,-40.529,-41.951,3.966,-0.483,-13.917,-23.727
535.0,-30.761,-39.672,-56.799,-68.437,-35.046,-39.496,-41.963,-43.493,4.286,-0.176,-14.836,-24.944
536.0,-29.456,-39.882,-56.316,-68.023,-35.924,-39.904,-42.550,-44.428,6.468,0.023,-13.766,-23.595
537.0,-30.846,-38.541,-53.480,-64.716,-36.698,-41.273,-43.553,-45.183,5.852,2.732,-9.926,-19.533
538.0,-29.275,-39.276,-54.811,-65.679,-37.989,-42.823,-44.698,-46.495,8.714,3.547,-10.114,-19.185
539.0,-29.080,-38.405,-55.239,-66.513,-41.145,-45.549,-47.969,-49.623,12.066,7.143,-7.269,-16.890
540.0,-28.139,-37.465,-55.679,-67.746,-39.185,-44.428,-45.833,-47.641,11.046,6.963,-9.846,-20.105
541.0,-28.346,-38.707,-53.598,-66.122,-38.668,-44.370,-45.546,-47.136,10.322,5.664,-8.053,-18.986
542.0,-30.042,-38.454,-54.023,-66.583,-41.297,-47.652,-48.540,-49.992,11.255,9.199,-5.483,-16.592
543.0,-30.691,-39.808,-57.864,-70.402,-42.467,-47.892,-50.938,-50.927,11.776,8.084,-6.925,-19.475
544.0,-31.408,-41.482,-59.304,-70.858,-39.915,-45.872,-47.465,-48.543,8.507,4.390,-11.838,-22.315
545.0,-31.846,-42.687,-59.962,-73.110,-39.229,-43.185,-45.069,-47.286,7.383,0.498,-14.892,-25.823
546.0,-33.063,-43.907,-61.798,-74.904,-36.897,-43.115,-44.600,-45.443,3.834,-0.792,-17.197,-29.461
547.0,-36.609,-46.784,-64.035,-77.967,-36.479,-42.605,-44.911,-44.836,-0.130,-4.179,-19.124,-33.131
548.0,-33.794,-44.640,-65.253,-78.116,-43.017,-48.767,-50.462,-51.415,9.223,4.127,-14.791,-26.701
549.0,-34.093,-45.613,-64.665,-77.708,-42.820,-48.088,-49.500,-51.257,8.728,2.474,-15.164,-26.451
550.0,-39.935,-47.974,-54.777,-66.687,-39.570,-46.192,-48.368,-48.014,-0.365,-1.781,-6.408,-18.674
551.0,-41.252,-48.484,-62.795,-72.428,-43.111,-49.633,-51.755,-51.560,1.859,1.149,-11.040,-20.868
552.0,-37.962,-46.709,-54.923,-69.233,-39.019,-43.990,-46.198,-47.514,1.057,-2.719,-8.725,-21.719
553.0,-37.422,-44.030,-47.939,-55.273,-37.123,-44.563,-44.057,-45.605,-0.299,0.533,-3.883,-9.668
554.0,-35.654,-43.721,-51.656,-63.958,-35.844,-41.148,-42.529,-44.360,0.191,-2.574,-9.127,-19.598
555.0,-34.883,-43.923,-56.955,-74.820,-35.173,-39.373,-40.779,-43.728,0.290,-4.550,-16.176,-31.092
556.0,-43.184,-50.486,-59.756,-78.217,-34.988,-38.973,-41.356,-43.490,-8.195,-11.513,-18.400,-34.727
557.0,-43.623,-49.116,-64.437,-83.932,-42.504,-46.528,-48.902,-50.977,-1.119,-2.588,-15.535,-32.955
558.0,-41.156,-47.370,-54.066,-67.423,-35.279,-41.793,-45.525,-43.601,-5.878,-5.576,-8.540,-23.822
559.0,-42.100,-49.877,-59.197,-74.888,-36.692,-44.923,-44.597,-45.021,-5.408,-4.954,-14.601,-29.867
560.0,-36.160,-45.448,-59.819,-75.839,-36.934,-43.886,-43.577,-45.480,0.775,-1.563,-16.242,-30.359
561.0,-33.483,-46.290,-59.938,-72.968,-31.678,-38.237,-38.672,-40.089,-1.805,-8.053,-21.266,-32.880
562.0,-33.059,-42.495,-55.424,-72.606,-29.605,-35.703,-36.944,-38.011,-3.454,-6.793,-18.480,-34.595
563.0,-32.835,-39.965,-54.589,-68.229,-32.529,-38.441,-39.221,-40.939,-0.306,-1.524,-15.368,-27.290
564.0,-32.548,-39.778,-55.957,-66.784,-38.022,-44.403,-44.412,-46.466,5.474,4.625,-11.545,-20.318
565.0,-39.580,-49.010,-66.598,-80.673,-40.521,-44.023,-47.282,-48.692,0.942,-4.988,-19.316,-31.981
566.0,-35.846,-42.336,-58.970,-72.295,-34.282,-43.035,-41.984,-42.652,-1.564,0.700,-16.987,-29.643
567.0,-36.369,-45.270,-60.398,-73.156,-33.514,-38.297,-40.677,-41.962,-2.855,-6.973,-19.721,-31.194
568.0,-37.691,-45.554,-57.400,-70.079,-35.713,-40.171,-43.177,-44.170,-1.977,-5.383,-14.224,-25.910
569.0,-31.038,-38.894,-51.718,-63.626,-33.069,-38.738,-39.689,-41.505,2.031,-0.156,-12.030,-22.121
570.0,-25.865,-36.166,-52.982,-64.257,-30.605,-35.638,-36.529,-39.120,4.740,-0.528,-16.453,-25.138
571.0,-28.347,-38.842,-57.035,-67.837,-25.682,-30.318,-31.956,-34.139,-2.666,-8.524,-25.079,-33.698
572.0,-35.612,-45.264,-55.546,-65.697,-28.463,-33.530,-35.081,-36.919,-7.149,-11.733,-20.466,-28.779
573.0,-39.078,-45.802,-51.168,-60.106,-33.564,-38.414,-40.472,-42.016,-5.514,-7.388,-10.696,-18.090
574.0,-34.289,-43.572,-53.352,-65.243,-38.630,-41.602,-44.997,-47.114,4.341,-1.971,-8.354,-18.129
575.0,-30.540,-39.130,-53.780,-65.046,-35.765,-40.754,-43.031,-44.205,5.225,1.624,-10.749,-20.841
576.0,-34.349,-41.573,-54.353,-70.428,-37.307,-42.318,-44.097,-45.778,2.958,0.745,-10.256,-24.650
577.0,-29.446,-38.692,-56.284,-70.884,-40.298,-43.021,-47.124,-48.761,10.852,4.329,-9.160,-22.123
578.0,-27.011,-35.990,-51.174,-64.099,-39.425,-43.184,-46.294,-47.908,12.414,7.194,-4.880,-16.191
579.0,-21.889,-30.815,-49.730,-59.975,-41.127,-47.896,-48.373,-49.521,19.238,17.081,-1.357,-10.454
580.0,-25.269,-34.653,-52.004,-62.374,-45.900,-48.273,-52.844,-54.361,20.631,13.620,0.840,-8.013
581.0,-28.753,-39.501,-57.959,-71.203,-45.724,-51.783,-53.060,-54.549,16.972,12.282,-4.899,-16.655
582.0,-33.988,-42.476,-60.511,-72.726,-45.165,-50.705,-54.174,-53.597,11.178,8.229,-6.337,-19.130
583.0,-32.410,-42.438,-60.845,-77.103,-40.960,-45.299,-48.054,-49.089,8.550,2.860,-12.792,-28.013
584.0,-32.355,-43.306,-64.973,-79.418,-40.741,-45.154,-47.365,-49.109,8.386,1.848,-17.608,-30.309
585.0,-33.812,-43.246,-64.570,-76.958,-36.773,-42.845,-44.712,-45.188,2.961,-0.401,-19.859,-31.770
586.0,-34.091,-45.358,-65.491,-80.680,-38.826,-44.113,-46.590,-47.223,4.736,-1.245,-18.901,-33.456
587.0,-38.668,-48.883,-69.507,-83.510,-35.568,-42.140,-41.761,-44.070,-3.100,-6.742,-27.746,-39.440
588.0,-41.632,-48.479,-62.290,-76.486,-34.531,-38.186,-41.359,-42.962,-7.101,-10.294,-20.932,-33.524
589.0,-46.392,-53.103,-59.987,-70.049,-31.757,-34.837,-38.433,-40.250,-14.635,-18.266,-21.554,-29.799
590.0,-45.451,-51.594,-62.699,-77.792,-31.874,-36.596,-37.780,-40.301,-13.577,-14.999,-24.920,-37.491
591.0,-37.901,-45.781,-52.744,-58.509,-36.521,-41.665,-43.300,-45.008,-1.380,-4.116,-9.444,-13.501
592.0,-38.622,-45.990,-56.444,-64.782,-32.971,-41.169,-40.370,-41.369,-5.651,-4.821,-16.074,-23.413
593.0,-35.255,-43.975,-53.711,-69.372,-31.260,-36.977,-38.534,-39.703,-3.995,-6.997,-15.177,-29.669
594.0,-36.618,-45.084,-55.785,-73.939,-32.678,-36.881,-38.408,-41.158,-3.941,-8.203,-17.377,-32.781
595.0,-32.265,-42.661,-55.424,-68.896,-35.651,-40.385,-42.504,-44.058,3.386,-2.276,-12.920,-24.838
596.0,-31.877,-38.207,-54.147,-61.114,-40.011,-45.090,-47.288,-48.513,8.134,6.883,-6.859,-12.601
597.0,-29.275,-35.746,-48.778,-57.495,-39.189,-44.147,-47.626,-47.557,9.915,8.401,-1.151,-9.938
598.0,-30.587,-38.480,-50.001,-57.768,-35.566,-42.275,-46.343,-43.874,4.980,3.795,-3.658,-13.894
599.0,-33.077,-42.579,-56.018,-70.359,-37.460,-46.507,-45.447,-45.782,4.383,3.928,-10.571,-24.577
600.0,-29.781,-42.125,-53.877,-62.063,-35.877,-41.109,-41.549,-44.555,6.097,-1.016,-12.328,-17.508
601.0,-29.886,-38.114,-48.112,-62.366,-33.357,-40.033,-41.499,-41.706,3.471,1.919,-6.613,-20.660
602.0,-31.525,-38.210,-48.214,-60.901,-30.694,-36.752,-37.533,-39.112,-0.831,-1.458,-10.681,-21.790
603.0,-34.313,-40.885,-50.633,-64.426,-32.004,-38.190,-38.736,-40.400,-2.309,-2.695,-11.897,-24.025
604.0,-37.024,-46.900,-57.716,-72.154,-37.423,-43.306,-44.120,-45.768,0.399,-3.595,-13.596,-26.386
605.0,-36.599,-43.746,-58.158,-70.782,-34.739,-41.811,-41.425,-43.153,-1.860,-1.936,-16.734,-27.629
606.0,-37.458,-43.871,-59.835,-73.654,-33.344,-39.891,-41.008,-41.738,-4.114,-3.980,-18.827,-31.917
607.0,-37.280,-46.907,-59.321,-71.626,-32.245,-36.298,-39.282,-40.727,-5.035,-10.608,-20.038,-30.899
608.0,-36.235,-43.075,-53.901,-65.844,-33.754,-39.386,-40.446,-42.179,-2.481,-3.688,-13.455,-23.665
609.0,-30.410,-39.317,-54.611,-64.995,-30.230,-35.474,-36.351,-38.678,-0.180,-3.844,-18.260,-26.318
610.0,-26.973,-37.617,-54.360,-63.925,-27.306,-32.304,-33.182,-35.751,0.333,-5.312,-21.179,-28.174
611.0,-28.115,-38.470,-56.440,-67.129,-28.414,-34.105,-35.981,-36.828,0.299,-4.366,-20.459,-30.301
612.0,-34.144,-44.569,-55.437,-64.908,-32.022,-37.823,-39.212,-40.436,-2.123,-6.747,-16.225,-24.472
613.0,-34.345,-42.529,-51.553,-61.889,-33.769,-37.602,-40.445,-42.250,-0.576,-4.928,-11.109,-19.639
614.0,-30.717,-39.811,-51.917,-64.711,-35.594,-40.362,-42.347,-44.027,4.877,0.551,-9.570,-20.685
615.0,-30.756,-38.031,-51.628,-64.848,-37.220,-42.073,-44.294,-45.686,6.464,4.042,-7.334,-19.162
616.0,-31.845,-39.369,-54.773,-69.046,-37.372,-42.204,-44.113,-45.875,5.527,2.834,-10.660,-23.171
617.0,-27.138,-35.504,-52.385,-63.078,-37.398,-41.953,-44.465,-45.869,10.261,6.449,-7.919,-17.209
618.0,-24.247,-32.770,-48.429,-59.502,-37.085,-42.971,-44.272,-45.565,12.838,10.201,-4.157,-13.937
619.0,-26.523,-34.982,-50.298,-62.171,-40.984,-46.320,-47.997,-49.481,14.461,11.337,-2.302,-12.690
620.0,-28.769,-38.563,-54.150,-66.530,-42.116,-47.019,-49.036,-50.604,13.347,8.456,-5.114,-15.927
621.0,-29.457,-38.610,-56.453,-68.070,-43.640,-47.676,-50.499,-52.115,14.183,9.066,-5.954,-15.955
622.0,-30.994,-41.143,-60.778,-73.938,-45.766,-50.385,-52.475,-54.272,14.772,9.242,-8.303,-19.666
623.0,-32.755,-44.056,-63.581,-77.524,-44.316,-49.726,-50.986,-52.840,11.562,5.670,-12.595,-24.683
624.0,-31.974,-43.276,-63.855,-78.380,-50.578,-55.661,-57.304,-59.107,18.603,12.384,-6.551,-19.274
625.0,-31.865,-43.299,-61.396,-73.798,-42.117,-46.516,-48.938,-50.551,10.251,3.217,-12.459,-23.247
626.0,-32.519,-45.190,-63.247,-76.141,-37.853,-42.832,-44.456,-46.325,5.334,-2.358,-18.791,-29.815
627.0,-35.488,-48.576,-68.037,-81.328,-32.835,-38.444,-40.085,-41.448,-2.653,-10.132,-27.951,-39.880
628.0,-36.228,-48.531,-69.488,-82.966,-31.570,-35.601,-37.717,-40.350,-4.658,-12.930,-31.772,-42.616
629.0,-39.175,-49.950,-71.641,-85.051,-33.259,-38.091,-40.150,-41.689,-5.916,-11.859,-31.492,-43.362
630.0,-39.189,-51.616,-75.034,-87.755,-29.927,-34.324,-36.410,-38.582,-9.262,-17.291,-38.624,-49.172
631.0,-38.756,-52.100,-76.150,-87.598,-27.480,-32.612,-34.930,-35.894,-11.276,-19.488,-41.220,-51.704
632.0,-45.058,-58.420,-79.171,-88.550,-28.875,-33.256,-34.129,-37.408,-16.183,-25.164,-45.042,-51.143
633.0,-35.895,-48.473,-56.584,-69.243,-27.555,-31.284,-34.261,-36.010,-8.340,-17.190,-22.323,-33.233
634.0,-32.436,-44.542,-56.440,-70.696,-27.432,-31.462,-34.874,-35.786,-5.005,-13.080,-21.566,-34.910
635.0,-28.647,-39.893,-48.909,-59.999,-29.219,-33.227,-35.854,-37.658,0.572,-6.666,-13.056,-22.341
636.0,-28.567,-36.964,-42.419,-55.667,-30.891,-36.254,-36.837,-39.316,2.324,-0.710,-5.582,-16.351
637.0,-29.004,-39.599,-53.250,-66.369,-30.030,-34.625,-36.582,-38.469,1.026,-4.974,-16.668,-27.900
638.0,-26.515,-35.513,-43.119,-56.253,-25.004,-31.114,-31.840,-33.477,-1.511,-4.399,-11.279,-22.777
639.0,-25.012,-33.349,-41.420,-55.363,-24.954,-30.993,-31.854,-33.410,-0.058,-2.356,-9.566,-21.953
640.0,-26.084,-33.941,-47.226,-56.912,-25.226,-30.449,-32.101,-33.679,-0.858,-3.493,-15.125,-23.233
641.0,-24.726,-32.516,-47.223,-55.903,-22.714,-28.329,-31.162,-31.069,-2.012,-4.187,-16.061,-24.833
642.0,-23.544,-32.174,-46.971,-54.925,-22.752,-27.750,-30.339,-31.180,-0.792,-4.425,-16.632,-23.745
643.0,-25.928,-34.376,-46.206,-59.569,-24.479,-27.654,-31.147,-32.903,-1.450,-6.722,-15.059,-26.666
644.0,-29.060,-37.229,-47.579,-60.245,-23.339,-28.131,-29.954,-31.775,-5.721,-9.098,-17.626,-28.470
645.0,-25.540,-34.943,-50.124,-58.575,-22.037,-26.401,-29.216,-30.391,-3.503,-8.542,-20.909,-28.184
646.0,-20.986,-31.939,-47.200,-54.661,-22.058,-26.690,-28.811,-30.516,1.071,-5.249,-18.389,-24.145
647.0,-20.946,-31.835,-46.146,-54.857,-22.079,-26.779,-28.958,-30.516,1.133,-5.056,-17.188,-24.341
648.0,-22.354,-31.496,-46.293,-53.937,-17.923,-23.232,-24.323,-26.448,-4.431,-8.264,-21.970,-27.489
649.0,-21.106,-29.229,-40.829,-52.091,-16.447,-21.489,-23.141,-25.045,-4.659,-7.740,-17.688,-27.046
650.0,-21.479,-28.712,-40.537,-47.452,-20.196,-24.293,-26.521,-28.751,-1.283,-4.419,-14.016,-18.700
651.0,-21.884,-29.571,-41.871,-49.261,-19.339,-24.384,-26.273,-27.810,-2.545,-5.187,-15.599,-21.451
652.0,-19.946,-28.989,-37.247,-48.849,-19.257,-24.680,-26.182,-27.765,-0.689,-4.309,-11.066,-21.084
653.0,-18.866,-27.620,-34.378,-45.152,-18.737,-23.387,-25.464,-27.266,-0.129,-4.234,-8.914,-17.886
654.0,-19.044,-27.604,-35.665,-46.263,-19.710,-24.868,-26.890,-28.206,0.666,-2.736,-8.775,-18.057
655.0,-19.142,-27.983,-35.649,-44.795,-17.805,-24.113,-26.452,-26.245,-1.336,-3.870,-9.197,-18.550
656.0,-13.797,-24.025,-35.157,-40.329,-20.514,-25.249,-26.113,-29.047,6.717,1.224,-9.044,-11.282
657.0,-13.047,-23.015,-30.464,-38.668,-19.823,-22.934,-24.151,-28.438,6.777,-0.081,-6.313,-10.229
658.0,-16.336,-25.620,-36.631,-42.672,-20.264,-23.437,-24.716,-28.856,3.929,-2.182,-11.915,-13.816
659.0,-15.030,-25.919,-36.200,-42.320,-19.978,-24.158,-26.634,-28.450,4.947,-1.761,-9.565,-13.870
660.0,-14.076,-26.313,-37.336,-44.218,-18.775,-24.031,-26.723,-27.095,4.700,-2.282,-10.613,-17.123
661.0,-15.179,-24.481,-36.190,-42.309,-22.147,-26.877,-29.215,-30.525,6.968,2.395,-6.976,-11.785
662.0,-16.389,-25.027,-34.867,-43.104,-21.504,-25.859,-28.482,-29.965,5.115,0.832,-6.385,-13.139
663.0,-17.164,-25.933,-34.607,-42.315,-20.506,-25.387,-27.464,-28.964,3.342,-0.546,-7.143,-13.351
664.0,-17.004,-26.475,-37.596,-45.423,-19.380,-23.746,-26.210,-27.780,2.376,-2.729,-11.387,-17.642
665.0,-16.182,-24.412,-35.834,-44.524,-18.561,-22.931,-25.240,-27.004,2.379,-1.481,-10.595,-17.520
666.0,-17.161,-24.987,-36.321,-44.524,-17.896,-22.875,-24.249,-26.305,0.735,-2.113,-12.072,-18.218
667.0,-15.414,-25.304,-36.861,-43.271,-19.931,-24.589,-26.494,-28.446,4.517,-0.715,-10.367,-14.825
668.0,-16.255,-25.002,-33.320,-43.215,-20.699,-25.289,-27.523,-29.222,4.444,0.287,-5.797,-13.993
669.0,-19.008,-27.682,-38.926,-46.754,-19.827,-23.826,-26.697,-28.390,0.819,-3.856,-12.229,-18.365
670.0,-16.843,-27.204,-38.638,-45.852,-16.936,-20.749,-23.641,-25.554,0.094,-6.455,-14.998,-20.298
671.0,-15.996,-26.693,-36.847,-43.567,-18.300,-22.808,-25.061,-26.857,2.304,-3.885,-11.786,-16.710
672.0,-14.995,-24.765,-34.834,-40.869,-20.737,-24.978,-27.485,-29.162,5.742,0.213,-7.349,-11.707
673.0,-14.603,-24.795,-33.460,-39.276,-19.527,-24.403,-25.905,-27.995,4.924,-0.392,-7.554,-11.281
674.0,-13.328,-23.182,-35.039,-40.810,-25.428,-29.879,-32.959,-33.841,12.100,6.697,-2.080,-6.969
675.0,-14.797,-26.531,-37.507,-43.885,-28.572,-32.756,-35.522,-37.022,13.775,6.225,-1.986,-6.863
676.0,-17.129,-26.841,-37.392,-44.082,-38.260,-43.881,-44.933,-46.748,21.131,17.040,7.540,2.666
677.0,-14.781,-24.904,-35.784,-41.773,-36.296,-41.315,-42.412,-44.798,21.514,16.411,6.628,3.025
678.0,-12.760,-22.132,-32.875,-38.578,-34.598,-39.261,-41.159,-43.055,21.838,17.128,8.284,4.477
679.0,-14.189,-24.227,-34.357,-40.074,-35.619,-39.596,-41.961,-44.024,21.429,15.369,7.604,3.951
680.0,-15.789,-26.127,-37.155,-42.949,-34.568,-39.249,-40.903,-43.076,18.778,13.123,3.748,0.127
681.0,-17.186,-26.016,-37.389,-43.563,-34.641,-39.895,-40.856,-43.183,17.455,13.879,3.468,-0.381
682.0,-20.909,-31.340,-43.185,-49.458,-35.202,-39.647,-41.828,-43.676,14.293,8.307,-1.357,-5.782
683.0,-23.697,-35.641,-49.701,-56.936,-37.083,-40.851,-43.517,-45.524,13.386,5.210,-6.183,-11.412
684.0,-32.578,-45.533,-58.686,-67.983,-35.803,-40.767,-42.537,-44.348,3.225,-4.766,-16.150,-23.635
685.0,-31.253,-43.045,-55.565,-64.699,-33.022,-38.321,-40.346,-41.464,1.769,-4.724,-15.219,-23.235
686.0,-29.720,-40.984,-53.531,-62.851,-34.136,-40.338,-41.241,-42.687,4.416,-0.647,-12.290,-20.164
687.0,-31.146,-41.481,-51.790,-61.194,-33.762,-38.797,-40.977,-42.441,2.617,-2.684,-10.813,-18.753
688.0,-29.669,-41.098,-54.111,-63.898,-35.954,-38.900,-41.155,-43.697,6.285,-2.199,-12.956,-20.201
689.0,-30.348,-41.812,-54.505,-64.009,-32.735,-37.359,-38.955,-41.475,2.387,-4.453,-15.550,-22.534
690.0,-29.721,-41.507,-53.693,-63.037,-31.203,-35.391,-38.357,-39.644,1.482,-6.116,-15.336,-23.394
691.0,-32.337,-42.709,-55.237,-64.532,-32.988,-38.302,-39.310,-41.473,0.651,-4.407,-15.928,-23.059
692.0,-29.568,-41.366,-57.370,-68.240,-37.050,-40.155,-43.044,-45.567,7.482,-1.211,-14.326,-22.673
693.0,-29.245,-40.829,-53.434,-63.488,-29.497,-34.529,-36.527,-38.015,0.252,-6.299,-16.908,-25.473
694.0,-29.561,-41.931,-53.698,-65.328,-27.317,-32.357,-33.859,-35.891,-2.243,-9.574,-19.839,-29.437
695.0,-31.079,-40.297,-48.320,-62.500,-31.157,-36.057,-37.689,-39.718,0.079,-4.241,-10.631,-22.782
696.0,-32.175,-39.533,-44.371,-50.272,-29.302,-34.202,-36.464,-37.674,-2.873,-5.331,-7.907,-12.597
697.0,-30.772,-38.276,-45.515,-56.930,-27.225,-32.443,-34.269,-35.694,-3.546,-5.833,-11.246,-21.236
698.0,-28.172,-37.225,-47.375,-62.910,-27.514,-31.369,-34.462,-35.945,-0.658,-5.856,-12.913,-26.965
699.0,-29.300,-40.100,-51.447,-66.522,-29.068,-32.779,-34.488,-37.594,-0.232,-7.320,-16.959,-28.927
700.0,-31.600,-41.128,-54.412,-65.406,-33.709,-36.666,-40.109,-42.227,2.110,-4.462,-14.303,-23.180
701.0,-24.399,-35.924,-48.229,-60.416,-32.822,-36.329,-37.721,-41.432,8.423,0.405,-10.508,-18.984
702.0,-21.885,-34.007,-47.540,-57.123,-32.324,-36.891,-38.786,-40.841,10.439,2.885,-8.754,-16.282
703.0,-29.073,-38.113,-50.783,-60.628,-34.774,-38.423,-40.489,-43.305,5.701,0.310,-10.294,-17.324
704.0,-27.240,-35.839,-45.572,-57.439,-34.966,-37.972,-40.342,-43.100,7.726,2.133,-5.230,-14.339
705.0,-22.895,-33.957,-46.566,-59.262,-31.802,-35.607,-38.705,-40.268,8.907,1.650,-7.861,-18.994
706.0,-23.578,-32.322,-44.114,-56.137,-31.174,-35.533,-38.327,-39.557,7.596,3.211,-5.787,-16.580
707.0,-24.751,-33.847,-47.129,-58.203,-33.913,-37.005,-40.410,-42.185,9.162,3.158,-6.718,-16.018
708.0,-29.759,-37.648,-50.194,-59.932,-30.348,-35.937,-37.508,-38.736,0.589,-1.712,-12.685,-21.196
709.0,-29.471,-37.798,-50.540,-62.439,-30.741,-34.996,-35.150,-39.406,1.269,-2.802,-15.390,-23.032
710.0,-28.770,-38.705,-51.827,-62.676,-31.526,-34.544,-34.939,-40.295,2.756,-4.161,-16.888,-22.381
711.0,-31.933,-39.410,-52.526,-63.185,-31.946,-36.285,-37.148,-40.573,0.013,-3.125,-15.378,-22.612
712.0,-29.964,-38.807,-47.323,-53.119,-30.293,-34.859,-37.062,-38.806,0.330,-3.948,-10.262,-14.314
713.0,-29.181,-37.653,-47.898,-59.859,-27.002,-32.375,-34.275,-35.451,-2.178,-5.277,-13.623,-24.408
714.0,-29.198,-37.072,-47.047,-62.127,-29.915,-33.957,-36.485,-38.373,0.717,-3.115,-10.561,-23.755
715.0,-29.891,-38.396,-46.678,-56.821,-29.108,-33.128,-33.692,-37.710,-0.783,-5.269,-12.987,-19.111
716.0,-28.030,-37.244,-45.691,-59.777,-29.151,-33.147,-33.991,-37.819,1.121,-4.096,-11.700,-21.958
717.0,-28.868,-36.494,-49.305,-65.163,-29.513,-33.578,-33.430,-38.190,0.645,-2.916,-15.875,-26.973
718.0,-29.682,-36.466,-49.486,-65.700,-30.944,-35.378,-37.262,-39.521,1.262,-1.088,-12.225,-26.179
719.0,-29.393,-37.703,-50.496,-62.892,-32.002,-36.850,-40.410,-40.440,2.610,-0.853,-10.086,-22.451
720.0,-26.307,-35.604,-49.610,-60.938,-32.621,-37.286,-40.045,-41.116,6.314,1.682,-9.565,-19.821
721.0,-23.408,-34.559,-50.248,-61.064,-32.426,-35.957,-40.012,-40.841,9.018,1.397,-10.236,-20.223
722.0,-25.616,-35.227,-47.298,-56.742,-32.868,-36.854,-40.004,-41.300,7.252,1.627,-7.293,-15.441
723.0,-24.953,-34.090,-46.966,-59.361,-34.801,-39.515,-41.329,-43.292,9.848,5.425,-5.638,-16.068
724.0,-25.799,-35.423,-48.116,-60.430,-38.711,-43.131,-45.439,-47.197,12.912,7.708,-2.677,-13.233
725.0,-26.544,-35.672,-48.248,-60.300,-35.394,-39.824,-41.864,-43.909,8.850,4.152,-6.384,-16.391
726.0,-28.460,-37.629,-50.554,-61.076,-37.086,-41.492,-43.616,-45.577,8.626,3.863,-6.938,-15.500
727.0,-29.600,-38.248,-52.966,-64.303,-34.174,-38.463,-41.102,-42.684,4.575,0.215,-11.865,-21.619
728.0,-29.395,-38.593,-49.716,-63.170,-46.523,-50.928,-53.500,-55.021,17.128,12.335,3.784,-8.149
729.0,-29.247,-37.640,-51.389,-63.942,-40.315,-45.152,-47.060,-48.851,11.068,7.512,-4.329,-15.091
730.0,-27.004,-37.499,-54.803,-67.272,-40.462,-46.265,-47.234,-48.987,13.458,8.766,-7.569,-18.286
731.0,-33.552,-44.189,-58.617,-70.392,-39.264,-44.560,-46.257,-47.759,5.712,0.371,-12.361,-22.632
732.0,-33.836,-44.587,-63.777,-74.734,-42.498,-46.286,-49.257,-50.869,8.661,1.699,-14.520,-23.865
733.0,-30.335,-41.418,-56.998,-67.226,-44.265,-47.029,-51.451,-52.403,13.929,5.611,-5.547,-14.823
734.0,-32.809,-43.540,-61.938,-72.063,-36.531,-41.083,-43.422,-45.007,3.722,-2.458,-18.516,-27.056
735.0,-28.959,-40.271,-57.048,-66.696,-42.794,-47.323,-48.256,-51.336,13.835,7.052,-8.792,-15.361
736.0,-41.153,-52.434,-72.298,-83.379,-39.014,-43.574,-45.832,-47.522,-2.139,-8.860,-26.465,-35.857
737.0,-36.004,-46.150,-63.286,-76.932,-43.908,-48.164,-50.718,-52.413,7.903,2.014,-12.567,-24.518
738.0,-35.943,-48.343,-66.910,-80.945,-42.087,-46.986,-49.463,-50.510,6.144,-1.356,-17.447,-30.435
739.0,-33.482,-46.070,-66.724,-80.876,-39.780,-46.740,-47.163,-48.176,6.298,0.670,-19.561,-32.700
740.0,-38.136,-48.475,-60.248,-68.660,-44.288,-49.221,-51.083,-52.782,6.152,0.746,-9.165,-15.878
741.0,-41.260,-51.128,-58.639,-66.924,-42.221,-46.563,-48.989,-50.706,0.961,-4.565,-9.650,-16.219
742.0,-30.787,-43.053,-61.451,-73.475,-44.791,-49.187,-51.625,-53.298,14.005,6.134,-9.827,-20.177
743.0,-38.687,-49.040,-65.634,-78.197,-41.456,-45.971,-48.228,-49.966,2.769,-3.070,-17.406,-28.231
744.0,-33.489,-45.366,-65.276,-75.863,-42.719,-46.925,-49.528,-51.222,9.230,1.558,-15.747,-24.641
745.0,-38.389,-50.339,-71.936,-83.170,-38.830,-43.198,-45.670,-47.320,0.441,-7.140,-26.266,-35.850
746.0,-36.391,-46.999,-65.957,-79.347,-39.365,-43.453,-46.259,-47.841,2.974,-3.545,-19.698,-31.506
747.0,-36.578,-48.008,-66.425,-79.451,-42.581,-46.713,-49.471,-51.075,6.002,-1.295,-16.954,-28.376
748.0,-39.878,-51.971,-72.038,-85.087,-43.541,-47.938,-50.478,-52.028,3.663,-4.033,-21.561,-33.060
749.0,-36.615,-48.554,-68.974,-83.824,-47.739,-51.934,-54.679,-56.225,11.123,3.380,-14.295,-27.599
750.0,-38.630,-50.598,-72.868,-85.020,-51.420,-55.858,-58.281,-59.897,12.789,5.261,-14.588,-25.123
751.0,-35.608,-47.621,-69.644,-83.085,-49.454,-53.659,-56.252,-57.949,13.845,6.039,-13.392,-25.136
752.0,-37.770,-49.601,-71.170,-82.558,-51.255,-55.340,-58.181,-59.732,13.485,5.739,-12.989,-22.826
753.0,-33.613,-44.448,-64.593,-78.528,-52.187,-56.139,-58.987,-60.688,18.574,11.691,-5.606,-17.840
754.0,-34.498,-45.319,-65.960,-80.254,-51.567,-55.893,-58.333,-60.035,17.069,10.574,-7.627,-20.219
755.0,-36.878,-47.665,-70.506,-84.292,-68.622,-67.119,-75.465,-76.950,31.744,19.455,4.959,-7.342
756.0,-38.400,-49.544,-73.363,-86.807,-69.898,-67.669,-76.787,-78.212,31.498,18.125,3.424,-8.596
757.0,-42.473,-54.347,-77.969,-88.524,-70.589,-68.466,-77.483,-78.883,28.116,14.119,-0.486,-9.641
758.0,-45.672,-58.465,-80.996,-89.036,-25.288,-30.229,-31.904,-33.770,-20.384,-28.236,-49.092,-55.266
759.0,-44.459,-56.867,-80.240,-88.442,-19.534,-24.684,-26.654,-28.136,-24.925,-32.183,-53.585,-60.306
760.0,-44.954,-58.193,-81.544,-89.122,-22.416,-26.263,-28.041,-30.749,-22.538,-31.930,-53.503,-58.372
761.0,-46.339,-58.803,-82.577,-89.032,-20.156,-25.505,-27.646,-28.557,-26.183,-33.298,-54.931,-60.475
762.0,-46.481,-57.466,-79.802,-89.032,-20.967,-24.930,-27.496,-29.444,-25.515,-32.536,-52.305,-59.587
763.0,-62.069,-76.169,-87.597,-89.285,-22.036,-27.217,-28.769,-30.494,-40.034,-48.951,-58.828,-58.790
764.0,-62.308,-77.942,-87.510,-89.116,-19.205,-23.647,-25.315,-27.688,-43.103,-54.295,-62.195,-61.427
765.0,-62.965,-78.076,-87.532,-89.224,-20.279,-25.512,-26.801,-28.748,-42.685,-52.564,-60.731,-60.476
766.0,-21.218,-29.820,-42.467,-50.770,-19.781,-24.600,-26.463,-28.307,-1.437,-5.220,-16.004,-22.462
767.0,-18.140,-26.267,-33.809,-43.284,-20.275,-24.793,-27.510,-28.718,2.135,-1.475,-6.299,-14.566
768.0,-18.259,-27.331,-36.974,-44.814,-21.881,-26.028,-29.152,-30.361,3.622,-1.303,-7.822,-14.453
769.0,-17.269,-26.719,-38.803,-45.391,-21.269,-26.525,-29.057,-29.888,4.000,-0.194,-9.746,-15.503
770.0,-17.043,-25.791,-38.843,-44.317,-23.004,-26.995,-28.612,-31.403,5.961,1.204,-10.230,-12.913
771.0,-17.743,-28.039,-39.119,-44.995,-23.640,-27.819,-29.782,-32.093,5.897,-0.219,-9.336,-12.902
772.0,-16.571,-25.064,-36.542,-42.975,-21.970,-27.169,-28.983,-30.393,5.399,2.105,-7.560,-12.582
773.0,-17.789,-26.141,-37.840,-44.149,-22.351,-26.777,-29.043,-30.832,4.561,0.636,-8.797,-13.316
774.0,-18.159,-25.601,-34.406,-43.370,-22.537,-27.008,-29.427,-30.997,4.378,1.406,-4.979,-12.373
775.0,-19.003,-26.393,-34.634,-41.951,-24.838,-28.668,-30.774,-33.291,5.835,2.275,-3.861,-8.661
776.0,-19.646,-26.273,-34.543,-43.622,-29.003,-33.206,-35.618,-37.526,9.357,6.933,1.075,-6.095
777.0,-20.239,-27.939,-35.091,-44.750,-26.528,-31.472,-32.742,-35.229,6.289,3.533,-2.349,-9.521
778.0,-19.869,-27.366,-37.174,-44.976,-28.738,-32.110,-35.337,-37.091,8.869,4.744,-1.838,-7.885
779.0,-20.875,-28.758,-40.152,-47.002,-29.934,-34.292,-36.532,-38.411,9.059,5.534,-3.619,-8.591
780.0,-18.912,-27.479,-39.218,-45.610,-29.521,-35.195,-36.488,-37.961,10.609,7.715,-2.730,-7.649
781.0,-17.603,-27.605,-40.759,-46.465,-29.641,-34.441,-36.487,-38.126,12.037,6.837,-4.272,-8.339
782.0,-18.817,-28.761,-39.807,-45.689,-31.049,-35.348,-37.896,-39.546,12.232,6.587,-1.911,-6.143
783.0,-23.388,-29.428,-40.392,-48.290,-32.013,-36.993,-38.583,-40.470,8.625,7.565,-1.808,-7.820
784.0,-27.849,-34.012,-43.132,-54.529,-29.635,-34.903,-36.843,-38.047,1.786,0.892,-6.290,-16.482
785.0,-25.802,-32.933,-40.557,-52.291,-26.069,-30.495,-32.431,-34.579,0.266,-2.437,-8.127,-17.712
786.0,-24.592,-32.477,-43.489,-54.182,-26.585,-31.824,-34.715,-34.944,1.992,-0.652,-8.773,-19.238
787.0,-27.146,-35.443,-47.707,-56.613,-30.190,-35.387,-37.445,-38.640,3.043,-0.055,-10.262,-17.973
788.0,-25.960,-35.979,-50.192,-58.257,-26.938,-31.398,-33.188,-35.394,0.979,-4.580,-17.004,-22.863
789.0,-24.861,-35.729,-50.175,-58.349,-22.822,-27.148,-29.024,-31.326,-2.039,-8.582,-21.151,-27.023
790.0,-26.516,-36.902,-50.382,-57.933,-21.565,-25.845,-27.995,-30.205,-4.951,-11.057,-22.387,-27.728
791.0,-28.037,-37.753,-55.947,-65.962,-21.767,-25.621,-27.215,-30.443,-6.271,-12.132,-28.732,-35.519
792.0,-26.335,-35.527,-51.244,-60.574,-19.858,-24.176,-26.040,-28.417,-6.477,-11.351,-25.205,-32.157
793.0,-24.517,-31.583,-41.590,-48.032,-20.659,-25.309,-26.734,-29.119,-3.858,-6.273,-14.856,-18.913
794.0,-25.401,-33.301,-45.434,-52.292,-23.210,-27.261,-28.630,-31.754,-2.191,-6.040,-16.804,-20.538
795.0,-26.619,-36.279,-50.302,-59.403,-25.034,-29.164,-31.910,-33.522,-1.584,-7.115,-18.392,-25.881
796.0,-24.936,-32.931,-45.167,-52.781,-26.880,-31.504,-33.760,-35.386,1.944,-1.427,-11.407,-17.395
797.0,-21.695,-27.867,-37.202,-46.242,-31.842,-37.425,-38.682,-40.350,10.146,9.558,1.479,-5.891
798.0,-20.893,-27.169,-35.057,-44.302,-36.730,-41.962,-43.504,-45.220,15.838,14.794,8.447,0.917
799.0,-19.672,-26.764,-34.342,-44.588,-31.847,-37.200,-38.632,-40.322,12.175,10.436,4.290,-4.266
800.0,-18.086,-25.122,-33.785,-43.428,-27.012,-31.770,-33.981,-35.434,8.926,6.648,0.196,-7.994
801.0,-19.208,-26.776,-33.632,-43.201,-29.756,-34.315,-36.528,-38.232,10.547,7.539,2.897,-4.968
802.0,-20.777,-28.182,-38.113,-46.802,-25.448,-30.121,-32.419,-33.903,4.671,1.940,-5.694,-12.899
803.0,-22.092,-30.064,-42.748,-49.014,-26.869,-30.549,-32.497,-35.337,4.778,0.485,-10.251,-13.677
804.0,-22.955,-33.219,-44.368,-50.584,-27.633,-31.593,-34.365,-36.139,4.678,-1.626,-10.003,-14.446
805.0,-27.537,-39.203,-52.604,-61.924,-27.318,-30.812,-33.107,-35.764,-0.219,-8.392,-19.497,-26.160
806.0,-31.824,-42.572,-59.044,-71.508,-29.003,-33.235,-34.611,-37.540,-2.820,-9.337,-24.433,-33.968
807.0,-27.335,-37.779,-55.017,-66.102,-28.519,-33.298,-35.352,-36.979,1.184,-4.482,-19.666,-29.122
808.0,-22.645,-31.776,-47.789,-56.159,-23.223,-28.097,-29.905,-31.684,0.578,-3.678,-17.883,-24.475
809.0,-25.961,-35.421,-51.202,-60.002,-26.583,-31.275,-33.539,-35.038,0.622,-4.146,-17.663,-24.964
810.0,-21.476,-30.752,-46.035,-53.522,-21.622,-26.525,-28.017,-30.066,0.146,-4.227,-18.019,-23.456
811.0,-23.908,-31.435,-44.656,-52.773,-24.792,-29.864,-31.802,-33.280,0.884,-1.571,-12.854,-19.493
812.0,-23.979,-32.299,-46.849,-55.392,-23.200,-28.190,-30.151,-31.675,-0.778,-4.108,-16.698,-23.717
813.0,-24.460,-31.430,-44.429,-52.555,-25.339,-29.778,-32.252,-33.823,0.879,-1.652,-12.177,-18.732
814.0,-25.235,-33.952,-49.120,-59.112,-26.050,-30.267,-32.828,-34.505,0.814,-3.684,-16.292,-24.606
815.0,-23.936,-32.926,-48.281,-55.384,-27.499,-31.554,-34.446,-35.954,3.563,-1.372,-13.834,-19.430
816.0,-19.451,-29.471,-43.603,-50.863,-25.928,-30.238,-32.872,-34.365,6.477,0.767,-10.731,-16.498
817.0,-22.080,-31.384,-45.868,-53.140,-25.059,-29.448,-32.220,-33.478,2.979,-1.937,-13.648,-19.662
818.0,-17.640,-28.012,-41.422,-48.791,-24.118,-28.540,-31.499,-32.563,6.477,0.528,-9.923,-16.228
819.0,-20.631,-31.014,-44.851,-51.834,-22.389,-27.818,-30.250,-30.695,1.758,-3.196,-14.601,-21.139
820.0,-19.060,-29.395,-42.800,-49.592,-21.641,-26.900,-28.410,-30.061,2.581,-2.495,-14.390,-19.531
821.0,-21.096,-30.783,-45.280,-52.664,-20.167,-24.993,-27.661,-28.632,-0.929,-5.789,-17.618,-24.032
822.0,-22.098,-31.501,-46.057,-53.938,-20.386,-24.735,-27.093,-28.769,-1.712,-6.766,-18.963,-25.170
823.0,-23.479,-32.411,-47.885,-55.883,-20.145,-25.784,-28.035,-28.706,-3.334,-6.627,-19.849,-27.177
824.0,-22.674,-30.948,-45.040,-52.666,-20.756,-25.498,-27.446,-29.373,-1.918,-5.450,-17.595,-23.293
825.0,-21.022,-29.687,-42.850,-50.310,-23.171,-27.660,-29.883,-31.510,2.150,-2.027,-12.967,-18.800
826.0,-20.636,-29.452,-42.295,-49.922,-24.933,-29.713,-31.588,-33.347,4.297,0.260,-10.707,-16.575
827.0,-20.204,-28.664,-38.874,-47.632,-23.926,-28.489,-30.684,-32.389,3.721,-0.175,-8.189,-15.243
828.0,-19.171,-27.370,-37.122,-45.585,-24.446,-29.017,-31.236,-32.924,5.275,1.647,-5.886,-12.661
829.0,-19.915,-26.102,-33.858,-44.303,-21.732,-25.730,-28.426,-30.122,1.817,-0.372,-5.433,-14.180
830.0,-19.918,-26.228,-32.885,-41.783,-21.583,-26.922,-28.850,-30.241,1.664,0.694,-4.036,-11.542
831.0,-19.024,-26.837,-33.383,-44.282,-21.779,-26.842,-28.488,-30.369,2.755,0.004,-4.895,-13.913
832.0,-19.920,-27.102,-35.771,-44.680,-21.051,-26.480,-29.056,-29.337,1.131,-0.622,-6.715,-15.344
833.0,-20.264,-28.432,-39.043,-45.841,-22.474,-27.123,-29.121,-30.958,2.210,-1.309,-9.921,-14.883
834.0,-21.629,-30.534,-41.750,-48.815,-21.740,-26.927,-28.472,-30.179,0.111,-3.607,-13.278,-18.637
835.0,-19.899,-29.503,-42.141,-48.244,-22.938,-27.477,-29.944,-31.399,3.039,-2.026,-12.196,-16.845
836.0,-20.235,-29.970,-42.441,-48.734,-22.943,-27.581,-29.605,-31.468,2.708,-2.389,-12.836,-17.265
837.0,-18.927,-26.854,-35.366,-42.653,-33.364,-38.057,-39.867,-41.839,14.436,11.203,4.501,-0.813
838.0,-20.952,-28.266,-33.079,-40.652,-34.647,-38.095,-41.006,-43.163,13.696,9.829,7.927,2.511
839.0,-20.764,-28.514,-35.197,-44.240,-33.091,-36.916,-37.523,-41.770,12.327,8.403,2.326,-2.470
840.0,-19.486,-26.648,-32.225,-41.646,-31.882,-36.299,-38.113,-40.297,12.397,9.651,5.888,-1.349
841.0,-19.766,-27.878,-38.647,-45.201,-31.056,-36.141,-40.028,-39.632,11.290,8.263,1.381,-5.570
842.0,-18.245,-27.923,-40.193,-45.945,-30.579,-34.315,-36.854,-39.263,12.334,6.392,-3.339,-6.682
843.0,-18.662,-28.461,-40.643,-46.594,-27.880,-33.072,-34.285,-36.296,9.218,4.611,-6.358,-10.298
844.0,-18.805,-29.469,-39.012,-44.147,-28.629,-33.694,-35.267,-37.345,9.824,4.225,-3.745,-6.801
845.0,-29.938,-40.313,-52.249,-58.133,-27.807,-31.329,-34.689,-36.260,-2.131,-8.984,-17.560,-21.873
846.0,-33.307,-37.745,-48.060,-60.252,-26.292,-31.164,-31.779,-34.855,-7.014,-6.582,-16.281,-25.397
847.0,-32.284,-37.193,-49.789,-62.573,-31.239,-35.107,-36.279,-39.801,-1.045,-2.086,-13.509,-22.772
848.0,-30.289,-37.769,-52.508,-63.848,-32.610,-37.137,-37.319,-41.185,2.321,-0.631,-15.189,-22.663
849.0,-29.653,-36.249,-46.873,-59.702,-30.161,-35.003,-37.443,-38.667,0.509,-1.246,-9.430,-21.036
850.0,-30.426,-35.442,-44.404,-55.882,-30.465,-35.193,-37.284,-38.897,0.039,-0.249,-7.119,-16.984
851.0,-27.931,-33.091,-40.626,-56.124,-30.339,-33.600,-37.224,-38.779,2.408,0.510,-3.402,-17.345
852.0,-27.683,-34.523,-40.646,-51.657,-34.487,-37.405,-41.226,-42.878,6.805,2.882,0.580,-8.779
853.0,-24.701,-32.126,-39.644,-49.724,-34.641,-39.825,-41.435,-43.062,9.941,7.699,1.792,-6.662
854.0,-25.933,-32.461,-40.909,-51.716,-37.922,-42.375,-43.447,-46.343,11.989,9.913,2.538,-5.373
855.0,-31.723,-36.947,-47.335,-59.603,-35.923,-38.519,-42.295,-44.277,4.200,1.572,-5.040,-15.326
856.0,-32.950,-38.551,-51.147,-61.292,-31.409,-35.624,-38.507,-40.109,-1.541,-2.927,-12.640,-21.183
857.0,-30.370,-36.284,-43.528,-54.492,-28.377,-34.100,-36.067,-36.927,-1.993,-2.184,-7.462,-17.565
858.0,-27.034,-35.480,-48.018,-57.049,-26.810,-32.738,-34.407,-35.179,-0.223,-2.742,-13.611,-21.871
859.0,-29.571,-34.894,-49.426,-57.853,-28.857,-33.929,-36.015,-37.473,-0.714,-0.966,-13.411,-20.381
860.0,-30.734,-37.770,-54.082,-63.898,-30.356,-35.364,-38.374,-38.780,-0.379,-2.406,-15.708,-25.118
861.0,-30.729,-40.050,-58.153,-71.092,-27.159,-32.206,-33.675,-35.557,-3.570,-7.843,-24.478,-35.535
862.0,-33.901,-41.963,-53.160,-65.098,-22.991,-27.637,-30.330,-31.640,-10.910,-14.326,-22.830,-33.458
863.0,-31.591,-39.249,-47.400,-60.068,-24.552,-29.209,-30.924,-32.681,-7.039,-10.039,-16.476,-27.387
864.0,-30.133,-36.198,-45.568,-55.879,-24.809,-29.580,-31.207,-33.395,-5.324,-6.619,-14.361,-22.484
865.0,-27.202,-34.477,-43.271,-56.485,-25.205,-29.780,-31.311,-33.797,-1.997,-4.697,-11.960,-22.688
866.0,-25.675,-33.787,-42.967,-56.904,-27.297,-33.205,-34.538,-35.893,1.622,-0.582,-8.429,-21.011
867.0,-27.593,-35.290,-44.365,-58.251,-29.721,-33.100,-35.688,-38.453,2.127,-2.190,-8.678,-19.798
868.0,-28.439,-36.280,-47.512,-61.179,-31.484,-34.531,-37.231,-40.048,3.044,-1.748,-10.281,-21.131
869.0,-25.388,-32.223,-38.981,-54.108,-32.024,-34.394,-37.532,-40.654,6.637,2.171,-1.449,-13.454
870.0,-22.156,-28.693,-33.071,-40.503,-31.396,-37.158,-38.694,-39.751,9.240,8.465,5.623,-0.752
871.0,-23.758,-30.535,-36.098,-40.472,-30.988,-35.439,-38.218,-39.477,7.230,4.904,2.119,-0.995
872.0,-23.980,-30.332,-35.499,-39.952,-29.842,-33.974,-36.148,-38.278,5.862,3.642,0.649,-1.673
873.0,-25.186,-30.897,-36.964,-45.100,-33.515,-38.259,-40.136,-41.904,8.329,7.362,3.171,-3.196
874.0,-28.203,-33.778,-38.799,-49.751,-33.883,-38.227,-38.616,-42.474,5.681,4.449,-0.184,-7.277
875.0,-29.030,-34.205,-39.957,-51.738,-34.401,-38.802,-40.945,-42.892,5.371,4.596,0.988,-8.846
876.0,-29.364,-35.593,-43.070,-54.753,-32.359,-36.593,-40.569,-40.880,2.995,1.000,-2.501,-13.873
877.0,-31.594,-36.775,-46.414,-57.031,-31.287,-35.622,-37.994,-39.955,-0.307,-1.154,-8.420,-17.076
878.0,-31.356,-38.173,-52.124,-62.325,-29.269,-35.071,-35.736,-37.706,-2.086,-3.102,-16.388,-24.619
879.0,-28.449,-35.552,-45.234,-58.732,-30.473,-35.799,-37.369,-39.213,2.024,0.247,-7.865,-19.519
880.0,-26.680,-34.672,-41.275,-48.824,-30.991,-33.871,-37.644,-39.374,4.311,-0.800,-3.631,-9.450
881.0,-32.648,-39.727,-46.886,-55.905,-28.585,-33.868,-34.168,-37.153,-4.063,-5.860,-12.718,-18.752
882.0,-31.304,-38.231,-51.597,-63.507,-31.304,-35.692,-35.820,-39.964,-0.000,-2.539,-15.776,-23.543
883.0,-31.343,-39.804,-53.479,-64.894,-32.464,-37.091,-38.743,-40.904,1.121,-2.713,-14.736,-23.990
884.0,-31.455,-37.547,-48.831,-59.891,-31.151,-35.401,-38.333,-39.725,-0.305,-2.146,-10.498,-20.165
885.0,-31.156,-37.362,-45.590,-58.347,-30.743,-34.488,-37.477,-39.191,-0.414,-2.874,-8.113,-19.157
886.0,-28.655,-35.367,-42.299,-59.103,-32.815,-36.452,-39.835,-41.224,4.160,1.085,-2.465,-17.878
887.0,-29.380,-36.807,-42.999,-55.001,-37.644,-40.150,-43.737,-46.086,8.265,3.342,0.738,-8.915
888.0,-27.211,-34.499,-41.660,-51.596,-39.110,-43.855,-46.612,-47.504,11.899,9.356,4.952,-4.092
889.0,-28.578,-35.370,-43.504,-56.142,-42.560,-46.713,-48.213,-50.990,13.982,11.343,4.709,-5.152
890.0,-29.869,-37.109,-49.046,-61.992,-43.709,-48.408,-49.903,-52.121,13.839,11.299,0.857,-9.871
891.0,-30.916,-38.432,-47.449,-59.878,-38.655,-44.170,-46.157,-47.261,7.738,5.738,-1.292,-12.618
892.0,-27.526,-36.518,-48.042,-58.625,-36.421,-41.233,-43.097,-44.922,8.894,4.715,-4.945,-13.703
893.0,-26.621,-35.404,-49.164,-58.148,-35.014,-40.709,-42.801,-43.462,8.394,5.305,-6.364,-14.686
894.0,-32.706,-38.548,-51.412,-59.970,-36.328,-40.558,-42.337,-44.760,3.622,2.010,-9.075,-15.210
895.0,-33.012,-40.730,-57.059,-68.307,-35.651,-40.781,-42.504,-44.086,2.639,0.051,-14.555,-24.221
896.0,-35.218,-44.744,-60.650,-74.520,-33.651,-38.575,-40.337,-42.151,-1.567,-6.170,-20.312,-32.368
897.0,-39.246,-48.027,-66.806,-82.153,-32.389,-36.527,-39.328,-40.886,-6.857,-11.500,-27.478,-41.267
898.0,-40.307,-49.166,-58.581,-65.677,-31.376,-35.501,-37.227,-39.754,-8.931,-13.665,-21.354,-25.923
899.0,-37.063,-44.117,-50.223,-57.627,-32.910,-37.878,-39.491,-41.522,-4.153,-6.239,-10.732,-16.105
900.0,-34.532,-42.538,-50.570,-62.845,-34.139,-38.873,-41.077,-42.766,-0.393,-3.666,-9.493,-20.080
901.0,-34.299,-40.595,-47.053,-57.463,-32.638,-37.093,-38.447,-40.932,-1.662,-3.502,-8.606,-16.531
902.0,-34.704,-41.907,-53.885,-68.045,-33.069,-37.675,-39.343,-41.499,-1.634,-4.232,-14.542,-26.546
903.0,-31.967,-41.361,-58.382,-68.513,-31.013,-35.887,-37.057,-39.500,-0.954,-5.474,-21.325,-29.013
904.0,-28.355,-39.247,-57.196,-66.763,-30.315,-35.548,-36.924,-38.755,1.961,-3.699,-20.272,-28.008
905.0,-27.472,-38.164,-54.391,-63.913,-27.410,-32.662,-33.484,-35.906,-0.062,-5.502,-20.907,-28.007
906.0,-29.653,-36.703,-46.000,-53.576,-30.666,-35.190,-37.518,-39.143,1.012,-1.513,-8.482,-14.433
907.0,-31.039,-38.034,-42.788,-45.745,-30.126,-35.487,-37.076,-38.583,-0.913,-2.548,-5.712,-7.162
908.0,-32.881,-40.653,-46.049,-50.518,-31.863,-36.855,-38.849,-40.358,-1.018,-3.797,-7.200,-10.160
909.0,-31.563,-38.787,-42.341,-46.056,-34.124,-38.208,-40.835,-42.602,2.561,-0.579,-1.507,-3.454
910.0,-32.643,-39.170,-45.934,-52.400,-31.679,-36.346,-38.258,-40.132,-0.964,-2.824,-7.675,-12.268
911.0,-28.999,-37.213,-47.259,-60.998,-29.816,-34.467,-37.014,-38.240,0.817,-2.747,-10.245,-22.758
912.0,-27.644,-36.850,-50.522,-61.129,-30.351,-35.260,-37.491,-38.807,2.707,-1.590,-13.031,-22.322
913.0,-23.877,-33.364,-46.391,-55.854,-28.749,-33.394,-34.475,-37.256,4.872,0.030,-11.916,-18.598
914.0,-27.932,-36.032,-48.772,-58.466,-25.288,-31.041,-32.742,-33.691,-2.644,-4.992,-16.030,-24.775
915.0,-26.485,-36.826,-51.729,-60.362,-24.973,-29.530,-30.996,-33.408,-1.513,-7.295,-20.733,-26.954
916.0,-26.834,-38.367,-55.491,-66.096,-22.311,-26.668,-28.418,-30.800,-4.523,-11.699,-27.073,-35.296
917.0,-29.017,-39.628,-55.422,-65.335,-23.814,-30.054,-33.038,-32.098,-5.203,-9.574,-22.384,-33.237
918.0,-27.502,-36.960,-55.080,-64.420,-34.338,-37.679,-41.347,-42.629,6.836,0.720,-13.732,-21.791
919.0,-26.029,-35.102,-49.128,-57.574,-31.450,-34.903,-38.016,-39.936,5.421,-0.199,-11.112,-17.638
920.0,-28.640,-37.093,-50.018,-58.799,-34.829,-39.248,-41.670,-43.320,6.189,2.155,-8.349,-15.479
921.0,-26.210,-34.385,-45.685,-56.112,-39.213,-44.019,-46.265,-47.686,13.003,9.633,0.580,-8.426
922.0,-24.840,-31.456,-38.611,-51.554,-33.144,-37.806,-39.836,-41.705,8.304,6.350,1.225,-9.850
923.0,-24.265,-30.070,-35.417,-45.007,-32.610,-36.188,-39.378,-41.115,8.346,6.118,3.961,-3.892
924.0,-22.828,-28.021,-34.443,-40.568,-28.612,-33.266,-35.443,-37.087,5.784,5.245,1.001,-3.481
925.0,-25.689,-31.283,-36.951,-46.552,-27.974,-33.340,-35.267,-36.369,2.286,2.057,-1.685,-10.183
926.0,-31.305,-38.570,-51.560,-60.426,-28.434,-33.317,-35.623,-36.899,-2.871,-5.252,-15.937,-23.527
927.0,-26.908,-36.111,-52.255,-60.888,-26.182,-30.443,-32.024,-34.667,-0.725,-5.667,-20.231,-26.220
928.0,-30.786,-41.339,-58.065,-69.134,-22.494,-28.152,-30.257,-30.951,-8.291,-13.186,-27.807,-38.183
929.0,-35.806,-45.941,-63.878,-77.415,-20.232,-25.350,-26.910,-28.694,-15.574,-20.590,-36.969,-48.721
930.0,-29.052,-38.623,-47.602,-52.214,-22.122,-28.534,-30.275,-30.614,-6.930,-10.089,-17.326,-21.600
931.0,-27.823,-37.186,-51.620,-59.276,-21.582,-27.139,-28.736,-29.959,-6.241,-10.047,-22.885,-29.316
932.0,-24.189,-34.118,-48.269,-56.230,-20.345,-25.903,-27.291,-28.874,-3.844,-8.215,-20.978,-27.356
933.0,-25.058,-34.175,-48.123,-56.258,-21.477,-27.173,-28.550,-30.282,-3.581,-7.002,-19.573,-25.976
934.0,-25.946,-34.389,-47.329,-55.453,-20.302,-25.480,-27.275,-28.905,-5.644,-8.909,-20.054,-26.549
935.0,-23.060,-31.261,-43.183,-52.042,-21.338,-26.424,-27.861,-30.154,-1.723,-4.838,-15.322,-21.888
936.0,-21.177,-28.995,-35.274,-47.467,-20.457,-25.214,-27.353,-29.010,-0.720,-3.781,-7.921,-18.457
937.0,-18.787,-26.534,-31.390,-39.185,-21.370,-25.424,-26.884,-29.867,2.583,-1.110,-4.506,-9.317
938.0,-23.082,-29.535,-36.915,-43.985,-20.370,-24.921,-27.085,-28.810,-2.712,-4.614,-9.830,-15.175
939.0,-18.510,-27.113,-39.366,-45.828,-22.246,-26.634,-29.388,-30.817,3.737,-0.479,-9.978,-15.012
940.0,-20.550,-27.236,-34.166,-44.668,-21.647,-27.058,-28.528,-30.386,1.097,-0.178,-5.638,-14.282
941.0,-20.089,-28.721,-33.420,-44.655,-20.088,-25.098,-27.428,-28.839,-0.000,-3.623,-5.991,-15.816
942.0,-19.497,-27.015,-33.032,-43.810,-22.183,-27.382,-29.255,-30.990,2.685,0.367,-3.776,-12.820
943.0,-19.177,-28.209,-32.952,-44.051,-19.731,-25.618,-27.623,-28.398,0.554,-2.591,-5.329,-15.652
944.0,-18.033,-25.874,-34.225,-43.523,-20.590,-25.423,-27.247,-29.085,2.558,-0.451,-6.978,-14.438
945.0,-20.131,-26.622,-31.632,-39.287,-19.402,-24.370,-26.130,-27.928,-0.729,-2.252,-5.502,-11.359
946.0,-17.951,-25.866,-33.350,-40.018,-19.970,-25.041,-26.684,-28.458,2.019,-0.825,-6.666,-11.559
947.0,-22.314,-28.563,-33.639,-39.581,-20.608,-26.054,-28.230,-29.063,-1.706,-2.508,-5.409,-10.518
948.0,-21.797,-28.847,-32.978,-38.300,-20.696,-25.421,-28.080,-29.081,-1.101,-3.425,-4.897,-9.219
949.0,-18.784,-26.570,-31.864,-41.704,-21.653,-26.867,-28.788,-29.957,2.869,0.297,-3.076,-11.747
950.0,-21.265,-28.771,-32.830,-36.894,-20.953,-24.891,-26.276,-29.739,-0.312,-3.880,-6.554,-7.155
951.0,-18.444,-26.918,-33.798,-40.209,-20.547,-25.205,-26.680,-29.094,2.103,-1.713,-7.119,-11.115
952.0,-16.867,-26.458,-39.704,-45.751,-19.843,-24.260,-26.138,-28.407,2.977,-2.198,-13.566,-17.345
953.0,-15.760,-25.834,-37.567,-43.841,-20.183,-24.007,-26.703,-28.482,4.422,-1.827,-10.865,-15.360
954.0,-15.867,-25.922,-39.574,-45.443,-20.291,-24.474,-26.731,-28.739,4.424,-1.448,-12.842,-16.704
955.0,-18.271,-27.200,-37.909,-46.208,-19.823,-24.708,-26.378,-28.415,1.552,-2.492,-11.531,-17.792
956.0,-17.972,-26.488,-35.645,-44.828,-21.630,-25.197,-28.486,-29.909,3.657,-1.291,-7.159,-14.919
957.0,-20.441,-28.906,-37.152,-45.133,-18.749,-23.817,-25.391,-27.266,-1.692,-5.088,-11.761,-17.866
958.0,-19.503,-26.696,-33.176,-43.330,-18.456,-23.162,-26.712,-26.690,-1.047,-3.534,-6.464,-16.641
959.0,-17.847,-26.563,-34.979,-43.344,-18.836,-22.694,-25.413,-27.276,0.989,-3.869,-9.566,-16.068
960.0,-17.865,-25.450,-32.755,-41.777,-17.259,-21.926,-23.840,-25.616,-0.606,-3.524,-8.915,-16.161
961.0,-18.524,-25.475,-33.597,-41.612,-17.085,-21.043,-22.524,-25.600,-1.439,-4.433,-11.074,-16.012
962.0,-17.776,-24.972,-35.366,-44.253,-16.883,-22.447,-23.805,-25.421,-0.893,-2.524,-11.561,-18.832
963.0,-18.268,-26.534,-35.349,-43.681,-18.582,-22.612,-23.884,-26.909,0.313,-3.922,-11.465,-16.772
964.0,-17.299,-26.108,-34.914,-43.267,-20.357,-24.741,-26.792,-28.395,3.058,-1.367,-8.122,-14.871
965.0,-16.582,-24.719,-33.465,-41.814,-18.190,-23.312,-25.009,-26.711,1.608,-1.407,-8.456,-15.103
966.0,-17.087,-23.735,-31.515,-42.620,-18.592,-23.479,-25.187,-27.092,1.505,-0.257,-6.328,-15.529
967.0,-16.099,-23.758,-32.708,-41.447,-18.341,-22.549,-25.051,-26.833,2.242,-1.208,-7.657,-14.614
968.0,-14.695,-23.088,-32.904,-39.759,-19.200,-23.683,-25.141,-27.700,4.504,0.594,-7.763,-12.059
969.0,-14.290,-22.419,-30.393,-38.593,-18.741,-24.197,-25.731,-27.174,4.451,1.777,-4.661,-11.419
970.0,-14.971,-23.890,-30.985,-36.532,-18.986,-23.851,-25.712,-27.552,4.015,-0.039,-5.273,-8.980
971.0,-15.716,-24.019,-29.471,-35.388,-22.738,-26.184,-29.371,-31.019,7.022,2.165,-0.100,-4.369
972.0,-15.880,-26.140,-32.800,-38.601,-20.880,-26.000,-27.572,-29.484,5.000,-0.140,-5.229,-9.117
973.0,-15.099,-24.994,-32.143,-39.854,-22.082,-26.716,-28.857,-30.816,6.983,1.723,-3.286,-9.039
974.0,-15.928,-24.901,-34.704,-40.468,-18.809,-24.002,-26.696,-27.089,2.881,-0.900,-8.008,-13.379
975.0,-14.666,-23.310,-34.943,-41.070,-18.105,-23.226,-23.917,-26.578,3.440,-0.084,-11.026,-14.493
976.0,-16.720,-24.909,-35.835,-41.676,-19.178,-23.279,-25.709,-27.657,2.458,-1.630,-10.126,-14.018
977.0,-16.148,-24.980,-37.247,-43.517,-15.754,-20.714,-22.923,-24.207,-0.394,-4.266,-14.323,-19.310
978.0,-17.956,-25.433,-33.665,-42.796,-17.414,-21.690,-24.140,-25.922,-0.542,-3.743,-9.525,-16.875
979.0,-21.984,-27.653,-33.588,-38.730,-23.896,-28.597,-30.725,-32.417,1.912,0.944,-2.862,-6.313
980.0,-19.301,-27.067,-32.494,-42.467,-52.724,-55.908,-58.868,-61.229,33.423,28.841,26.374,18.762
981.0,-21.019,-27.990,-33.655,-41.398,-67.838,-66.492,-74.914,-76.112,46.819,38.502,41.259,34.714
982.0,-17.385,-25.081,-31.805,-42.093,-69.371,-66.317,-76.314,-77.648,51.986,41.236,44.509,35.555
983.0,-16.833,-24.518,-33.596,-42.315,-70.316,-68.210,-77.226,-78.628,53.483,43.691,43.630,36.313
